State,District,Market,Commodity,Variety,Grade,Arrival_Date,Min_Price,Max_Price,Modal_Price,Commodity_Code
Telangana,Warangal,Warangal,Apple,Simla,Large,13/09/2025,12000,12000,12000,17
Telangana,Warangal,Warangal,Apple,Simla,Large,25/08/2025,11000,11000,11000,17
Telangana,Warangal,Warangal,Apple,Simla,Large,26/08/2025,10000,10000,10000,17
Telangana,Warangal,Warangal,Apple,Simla,Large,28/08/2025,12000,12000,12000,17
Telangana,Warangal,Warangal,Apple,Simla,Medium,04/09/2025,9000,9000,9000,17
Telangana,Warangal,Warangal,Apple,Simla,Medium,09/09/2025,8000,8000,8000,17
Telangana,Warangal,Warangal,Apple,Simla,Medium,11/09/2025,10000,10000,10000,17
Telangana,Warangal,Warangal,Apple,Simla,Medium,25/08/2025,8000,8000,8000,17
Telangana,Warangal,Warangal,Apple,Simla,Large,02/09/2025,12000,12000,12000,17
Telangana,Warangal,Warangal,Apple,Simla,Large,09/09/2025,12000,12000,12000,17
Telangana,Warangal,Warangal,Apple,Simla,Medium,01/09/2025,8000,8000,8000,17
Telangana,Warangal,Warangal,Apple,Simla,Medium,12/09/2025,10000,10000,10000,17
Telangana,Warangal,Warangal,Apple,Simla,Medium,15/09/2025,10000,10000,10000,17
Telangana,Warangal,Warangal,Apple,Simla,Medium,22/09/2025,10000,10000,10000,17
Telangana,Warangal,Warangal,Apple,Simla,Medium,24/08/2025,10000,10000,10000,17
Telangana,Warangal,Warangal,Apple,Simla,Medium,26/08/2025,9000,9000,9000,17
Telangana,Warangal,Warangal,Apple,Simla,Large,01/09/2025,10000,10000,10000,17
Telangana,Warangal,Warangal,Apple,Simla,Large,04/09/2025,11000,11000,11000,17
Telangana,Warangal,Warangal,Apple,Simla,Large,15/09/2025,13000,13000,13000,17
Telangana,Warangal,Warangal,Apple,Simla,Large,16/09/2025,13000,13000,13000,17
Telangana,Warangal,Warangal,Apple,Simla,Large,22/09/2025,12000,12000,12000,17
Telangana,Warangal,Warangal,Apple,Simla,Medium,17/09/2025,10000,10000,10000,17
Telangana,Warangal,Warangal,Apple,Simla,Medium,29/08/2025,8000,8000,8000,17
Telangana,Warangal,Warangal,Apple,Simla,Large,11/09/2025,13000,13000,13000,17
Telangana,Warangal,Warangal,Apple,Simla,Large,17/09/2025,13000,13000,13000,17
Telangana,Warangal,Warangal,Apple,Simla,Large,24/08/2025,12000,12000,12000,17
Telangana,Warangal,Warangal,Apple,Simla,Large,29/08/2025,11000,11000,11000,17
Telangana,Warangal,Warangal,Apple,Simla,Medium,13/09/2025,9000,9000,9000,17
Telangana,Warangal,Warangal,Apple,Simla,Medium,16/09/2025,10000,10000,10000,17
Telangana,Warangal,Warangal,Apple,Simla,Medium,28/08/2025,9000,9000,9000,17
Telangana,Warangal,Warangal,Apple,Simla,Medium,30/08/2025,8000,8000,8000,17
Telangana,Warangal,Warangal,Apple,Simla,Large,03/09/2025,10000,10000,10000,17
Telangana,Warangal,Warangal,Apple,Simla,Large,12/09/2025,13000,13000,13000,17
Telangana,Warangal,Warangal,Apple,Simla,Large,30/08/2025,11000,11000,11000,17
Telangana,Warangal,Warangal,Apple,Simla,Medium,02/09/2025,8000,8000,8000,17
Telangana,Warangal,Warangal,Apple,Simla,Medium,03/09/2025,9000,9000,9000,17
Telangana,Warangal,Warangal,Arhar (Tur/Red Gram)(Whole),Local,FAQ,02/09/2025,5589,5929,5743,49
Telangana,Warangal,Warangal,Arhar (Tur/Red Gram)(Whole),Local,FAQ,03/09/2025,3552,5359,5212,49
Telangana,Warangal,Warangal,Arhar (Tur/Red Gram)(Whole),Local,FAQ,08/09/2025,5142,5142,5142,49
Telangana,Warangal,Warangal,Arhar (Tur/Red Gram)(Whole),Local,FAQ,12/09/2025,4352,4352,4352,49
Telangana,Warangal,Warangal,Arhar (Tur/Red Gram)(Whole),Local,FAQ,16/09/2025,5269,6212,5902,49
Telangana,Warangal,Warangal,Arhar (Tur/Red Gram)(Whole),Local,FAQ,01/09/2025,5582,5582,5582,49
Telangana,Warangal,Warangal,Arhar (Tur/Red Gram)(Whole),Local,FAQ,04/09/2025,5622,5622,5622,49
Telangana,Warangal,Warangal,Arhar (Tur/Red Gram)(Whole),Local,FAQ,10/09/2025,5533,5859,5533,49
Telangana,Warangal,Warangal,Arhar (Tur/Red Gram)(Whole),Local,FAQ,17/09/2025,5322,6276,5453,49
Telangana,Warangal,Warangal,Arhar (Tur/Red Gram)(Whole),Local,FAQ,18/09/2025,5212,5782,5782,49
Telangana,Warangal,Warangal,Arhar (Tur/Red Gram)(Whole),Local,FAQ,19/09/2025,4800,5566,4800,49
Telangana,Warangal,Warangal,Arhar (Tur/Red Gram)(Whole),Local,FAQ,22/09/2025,5259,5402,5402,49
Telangana,Warangal,Warangal,Arhar (Tur/Red Gram)(Whole),Local,FAQ,25/08/2025,5322,5753,5753,49
Telangana,Warangal,Warangal,Arhar (Tur/Red Gram)(Whole),Local,FAQ,09/09/2025,2059,5633,4912,49
Telangana,Warangal,Warangal,Arhar (Tur/Red Gram)(Whole),Local,FAQ,23/09/2025,3000,4663,4663,49
Telangana,Warangal,Warangal,Arhar (Tur/Red Gram)(Whole),Local,FAQ,29/08/2025,5502,5622,5502,49
Telangana,Warangal,Warangal,Arhar (Tur/Red Gram)(Whole),Local,FAQ,11/09/2025,5522,5522,5522,49
Telangana,Warangal,Warangal,Arhar (Tur/Red Gram)(Whole),Local,FAQ,26/08/2025,5052,5782,5052,49
Telangana,Warangal,Ghanpur,Arhar (Tur/Red Gram)(Whole),777 New Ind,FAQ,18/09/2025,4500,6050,5500,49
Telangana,Warangal,Warangal,Banana,Banana - Ripe,Medium,14/09/2025,2700,2700,2700,19
Telangana,Warangal,Warangal,Banana,Banana - Ripe,Medium,28/08/2025,3500,3500,3500,19
Telangana,Warangal,Warangal,Banana,Banana - Ripe,Medium,27/08/2025,4000,4000,4000,19
Telangana,Warangal,Warangal,Banana,Banana - Ripe,Medium,12/09/2025,2800,2800,2800,19
Telangana,Warangal,Warangal,Banana,Banana - Ripe,Medium,24/08/2025,4000,4000,4000,19
Telangana,Warangal,Warangal,Banana,Banana - Ripe,Medium,02/09/2025,3500,3500,3500,19
Telangana,Warangal,Warangal,Banana,Banana - Ripe,Medium,08/09/2025,3000,3000,3000,19
Telangana,Warangal,Warangal,Banana,Banana - Ripe,Medium,21/09/2025,4000,4000,4000,19
Telangana,Warangal,Warangal,Beetroot,Beetroot,FAQ,02/09/2025,3000,3200,3100,157
Telangana,Warangal,Warangal,Beetroot,Beetroot,FAQ,03/09/2025,2500,3000,2750,157
Telangana,Warangal,Warangal,Beetroot,Beetroot,FAQ,19/09/2025,2500,3000,2750,157
Telangana,Warangal,Warangal,Beetroot,Beetroot,FAQ,09/09/2025,2500,3000,2750,157
Telangana,Warangal,Warangal,Beetroot,Beetroot,FAQ,10/09/2025,3000,3200,3100,157
Telangana,Warangal,Warangal,Beetroot,Beetroot,FAQ,14/09/2025,3000,3200,3100,157
Telangana,Warangal,Warangal,Beetroot,Beetroot,FAQ,15/09/2025,2500,3000,2750,157
Telangana,Warangal,Warangal,Beetroot,Beetroot,FAQ,16/09/2025,2500,3000,2750,157
Telangana,Warangal,Warangal,Beetroot,Beetroot,FAQ,25/08/2025,2500,3000,2750,157
Telangana,Warangal,Warangal,Beetroot,Beetroot,FAQ,26/08/2025,2500,3000,2750,157
Telangana,Warangal,Warangal,Beetroot,Beetroot,FAQ,30/08/2025,2500,3000,2750,157
Telangana,Warangal,Warangal,Beetroot,Beetroot,FAQ,01/09/2025,3000,3200,3100,157
Telangana,Warangal,Warangal,Beetroot,Beetroot,FAQ,08/09/2025,3000,3200,3100,157
Telangana,Warangal,Warangal,Beetroot,Beetroot,FAQ,13/09/2025,3000,3200,3100,157
Telangana,Warangal,Warangal,Beetroot,Beetroot,FAQ,17/09/2025,2500,3000,2750,157
Telangana,Warangal,Warangal,Beetroot,Beetroot,FAQ,18/09/2025,2600,3000,2800,157
Telangana,Warangal,Warangal,Beetroot,Beetroot,FAQ,23/09/2025,2500,3000,2750,157
Telangana,Warangal,Warangal,Beetroot,Beetroot,FAQ,28/08/2025,3000,3200,3100,157
Telangana,Warangal,Warangal,Beetroot,Beetroot,FAQ,31/08/2025,2500,3000,2750,157
Telangana,Warangal,Warangal,Beetroot,Beetroot,FAQ,04/09/2025,2500,3000,2750,157
Telangana,Warangal,Warangal,Beetroot,Beetroot,FAQ,06/09/2025,2500,3000,2750,157
Telangana,Warangal,Warangal,Beetroot,Beetroot,FAQ,20/09/2025,5500,6000,5750,157
Telangana,Warangal,Warangal,Beetroot,Beetroot,FAQ,05/09/2025,2500,3000,2750,157
Telangana,Warangal,Warangal,Beetroot,Beetroot,FAQ,07/09/2025,3000,3200,3100,157
Telangana,Warangal,Warangal,Beetroot,Beetroot,FAQ,11/09/2025,3000,3200,3100,157
Telangana,Warangal,Warangal,Beetroot,Beetroot,FAQ,12/09/2025,2500,3000,2750,157
Telangana,Warangal,Warangal,Beetroot,Beetroot,FAQ,21/09/2025,2500,3000,2750,157
Telangana,Warangal,Warangal,Beetroot,Beetroot,FAQ,27/08/2025,3000,3200,3100,157
Telangana,Warangal,Warangal,Beetroot,Beetroot,FAQ,29/08/2025,2500,3000,2750,157
Telangana,Warangal,Warangal,Bengal Gram(Gram)(Whole),Bengal Gram (Split),FAQ,02/09/2025,5325,6305,6302,6
Telangana,Warangal,Warangal,Bengal Gram(Gram)(Whole),Bengal Gram (Split),FAQ,15/09/2025,6452,6452,6452,6
Telangana,Warangal,Warangal,Bengal Gram(Gram)(Whole),Bengal Gram (Split),FAQ,01/09/2025,6542,6542,6542,6
Telangana,Warangal,Warangal,Bengal Gram(Gram)(Whole),Bengal Gram (Split),FAQ,26/08/2025,6521,6521,6521,6
Telangana,Warangal,Warangal,Bengal Gram(Gram)(Whole),Bengal Gram (Split),FAQ,17/09/2025,6252,6252,6252,6
Telangana,Warangal,Warangal,Bengal Gram(Gram)(Whole),Bengal Gram (Split),FAQ,16/09/2025,5052,5669,5052,6
Telangana,Warangal,Warangal,Bengal Gram(Gram)(Whole),Bengal Gram (Split),FAQ,25/08/2025,6521,6521,6521,6
Telangana,Warangal,Warangal,Bhindi(Ladies Finger),Bhindi,FAQ,10/09/2025,1600,2000,1800,85
Telangana,Warangal,Warangal,Bhindi(Ladies Finger),Bhindi,FAQ,13/09/2025,1600,2000,1800,85
Telangana,Warangal,Warangal,Bhindi(Ladies Finger),Bhindi,FAQ,09/09/2025,1600,2000,1800,85
Telangana,Warangal,Warangal,Bhindi(Ladies Finger),Bhindi,FAQ,03/09/2025,1600,2000,1800,85
Telangana,Warangal,Warangal,Bhindi(Ladies Finger),Bhindi,FAQ,16/09/2025,1600,2000,1800,85
Telangana,Warangal,Warangal,Bhindi(Ladies Finger),Bhindi,FAQ,06/09/2025,1600,2000,1800,85
Telangana,Warangal,Warangal,Bhindi(Ladies Finger),Bhindi,FAQ,11/09/2025,1600,2000,1800,85
Telangana,Warangal,Warangal,Bhindi(Ladies Finger),Bhindi,FAQ,28/08/2025,2500,3000,2750,85
Telangana,Warangal,Warangal,Bhindi(Ladies Finger),Bhindi,FAQ,29/08/2025,2000,2500,2250,85
Telangana,Warangal,Warangal,Bhindi(Ladies Finger),Bhindi,FAQ,02/09/2025,2500,3000,2750,85
Telangana,Warangal,Warangal,Bhindi(Ladies Finger),Bhindi,FAQ,04/09/2025,2000,2500,2250,85
Telangana,Warangal,Warangal,Bhindi(Ladies Finger),Bhindi,FAQ,07/09/2025,1200,1600,1400,85
Telangana,Warangal,Warangal,Bhindi(Ladies Finger),Bhindi,FAQ,15/09/2025,1000,1500,1250,85
Telangana,Warangal,Warangal,Bhindi(Ladies Finger),Bhindi,FAQ,17/09/2025,1600,1800,1700,85
Telangana,Warangal,Warangal,Bhindi(Ladies Finger),Bhindi,FAQ,19/09/2025,1000,1500,1250,85
Telangana,Warangal,Warangal,Bhindi(Ladies Finger),Bhindi,FAQ,26/08/2025,2500,3000,2750,85
Telangana,Warangal,Warangal,Bhindi(Ladies Finger),Bhindi,FAQ,12/09/2025,1000,1400,1200,85
Telangana,Warangal,Warangal,Bhindi(Ladies Finger),Bhindi,FAQ,01/09/2025,3000,3200,3100,85
Telangana,Warangal,Warangal,Bhindi(Ladies Finger),Bhindi,FAQ,05/09/2025,1400,1600,1500,85
Telangana,Warangal,Warangal,Bhindi(Ladies Finger),Bhindi,FAQ,14/09/2025,1200,1600,1400,85
Telangana,Warangal,Warangal,Bhindi(Ladies Finger),Bhindi,FAQ,22/09/2025,1200,1600,1400,85
Telangana,Warangal,Warangal,Bhindi(Ladies Finger),Bhindi,FAQ,24/08/2025,2500,3000,2750,85
Telangana,Warangal,Warangal,Bhindi(Ladies Finger),Bhindi,FAQ,27/08/2025,2200,2600,2400,85
Telangana,Warangal,Warangal,Bhindi(Ladies Finger),Bhindi,FAQ,30/08/2025,2500,3000,2750,85
Telangana,Warangal,Warangal,Bhindi(Ladies Finger),Bhindi,FAQ,08/09/2025,1600,2000,1800,85
Telangana,Warangal,Warangal,Bhindi(Ladies Finger),Bhindi,FAQ,18/09/2025,1600,2000,1800,85
Telangana,Warangal,Warangal,Bhindi(Ladies Finger),Bhindi,FAQ,20/09/2025,1200,1600,1400,85
Telangana,Warangal,Warangal,Bhindi(Ladies Finger),Bhindi,FAQ,21/09/2025,1200,1600,1400,85
Telangana,Warangal,Warangal,Bhindi(Ladies Finger),Bhindi,FAQ,23/09/2025,1400,1600,1500,85
Telangana,Warangal,Warangal,Bhindi(Ladies Finger),Bhindi,FAQ,25/08/2025,2000,2500,2250,85
Telangana,Warangal,Warangal,Bhindi(Ladies Finger),Bhindi,FAQ,31/08/2025,2500,3000,2750,85
Telangana,Warangal,Warangal,Bitter gourd,Bitter Gourd,FAQ,02/09/2025,2000,2400,2200,81
Telangana,Warangal,Warangal,Bitter gourd,Bitter Gourd,FAQ,04/09/2025,2500,3000,2750,81
Telangana,Warangal,Warangal,Bitter gourd,Bitter Gourd,FAQ,11/09/2025,2000,2400,2200,81
Telangana,Warangal,Warangal,Bitter gourd,Bitter Gourd,FAQ,18/09/2025,2000,2400,2200,81
Telangana,Warangal,Warangal,Bitter gourd,Bitter Gourd,FAQ,22/09/2025,1600,2000,1800,81
Telangana,Warangal,Warangal,Bitter gourd,Bitter Gourd,FAQ,28/08/2025,3000,3200,3100,81
Telangana,Warangal,Warangal,Bitter gourd,Bitter Gourd,FAQ,31/08/2025,2200,2600,2400,81
Telangana,Warangal,Warangal,Bitter gourd,Bitter Gourd,FAQ,08/09/2025,1600,2000,1800,81
Telangana,Warangal,Warangal,Bitter gourd,Bitter Gourd,FAQ,26/08/2025,2500,3000,2750,81
Telangana,Warangal,Warangal,Bitter gourd,Bitter Gourd,FAQ,07/09/2025,1600,2000,1800,81
Telangana,Warangal,Warangal,Bitter gourd,Bitter Gourd,FAQ,12/09/2025,2500,3000,2750,81
Telangana,Warangal,Warangal,Bitter gourd,Bitter Gourd,FAQ,21/09/2025,2500,3000,2750,81
Telangana,Warangal,Warangal,Bitter gourd,Bitter Gourd,FAQ,29/08/2025,2500,3000,2750,81
Telangana,Warangal,Warangal,Bitter gourd,Bitter Gourd,FAQ,30/08/2025,2500,3000,2750,81
Telangana,Warangal,Warangal,Bitter gourd,Bitter Gourd,FAQ,01/09/2025,2000,2400,2200,81
Telangana,Warangal,Warangal,Bitter gourd,Bitter Gourd,FAQ,05/09/2025,1600,2000,1800,81
Telangana,Warangal,Warangal,Bitter gourd,Bitter Gourd,FAQ,10/09/2025,1400,1600,1500,81
Telangana,Warangal,Warangal,Bitter gourd,Bitter Gourd,FAQ,14/09/2025,2000,2200,2100,81
Telangana,Warangal,Warangal,Bitter gourd,Bitter Gourd,FAQ,25/08/2025,2500,3000,2750,81
Telangana,Warangal,Warangal,Bitter gourd,Bitter Gourd,FAQ,13/09/2025,2000,2500,2250,81
Telangana,Warangal,Warangal,Bitter gourd,Bitter Gourd,FAQ,16/09/2025,2000,2200,2100,81
Telangana,Warangal,Warangal,Bitter gourd,Bitter Gourd,FAQ,17/09/2025,2000,2400,2200,81
Telangana,Warangal,Warangal,Bitter gourd,Bitter Gourd,FAQ,20/09/2025,1600,2000,1800,81
Telangana,Warangal,Warangal,Bitter gourd,Bitter Gourd,FAQ,23/09/2025,1600,2000,1800,81
Telangana,Warangal,Warangal,Bitter gourd,Bitter Gourd,FAQ,03/09/2025,1600,2000,1800,81
Telangana,Warangal,Warangal,Bitter gourd,Bitter Gourd,FAQ,06/09/2025,2000,2500,2250,81
Telangana,Warangal,Warangal,Bitter gourd,Bitter Gourd,FAQ,15/09/2025,2000,2500,2250,81
Telangana,Warangal,Warangal,Bitter gourd,Bitter Gourd,FAQ,19/09/2025,2500,3000,2750,81
Telangana,Warangal,Warangal,Bitter gourd,Bitter Gourd,FAQ,24/08/2025,2200,2600,2400,81
Telangana,Warangal,Warangal,Bitter gourd,Bitter Gourd,FAQ,27/08/2025,2400,2800,2600,81
Telangana,Warangal,Warangal,Black Gram (Urd Beans)(Whole),Local,FAQ,25/08/2025,6012,6012,6012,8
Telangana,Warangal,Warangal,Black Gram (Urd Beans)(Whole),Local,FAQ,23/09/2025,5252,5252,5252,8
Telangana,Warangal,Warangal,Black Gram (Urd Beans)(Whole),Local,FAQ,03/09/2025,5212,5212,5212,8
Telangana,Warangal,Warangal,Black Gram (Urd Beans)(Whole),Local,FAQ,26/08/2025,6012,6012,6012,8
Telangana,Warangal,Warangal,Black Gram (Urd Beans)(Whole),Local,FAQ,18/09/2025,6852,6852,6852,8
Telangana,Warangal,Warangal,Brinjal,Brinjal,FAQ,05/09/2025,2500,3000,2750,35
Telangana,Warangal,Warangal,Brinjal,Brinjal,FAQ,08/09/2025,3500,4000,3750,35
Telangana,Warangal,Warangal,Brinjal,Brinjal,FAQ,30/08/2025,1600,2000,1800,35
Telangana,Warangal,Warangal,Brinjal,Brinjal,FAQ,31/08/2025,3500,4000,3750,35
Telangana,Warangal,Warangal,Brinjal,Brinjal,FAQ,09/09/2025,2500,3000,2750,35
Telangana,Warangal,Warangal,Brinjal,Brinjal,FAQ,14/09/2025,2500,3000,2750,35
Telangana,Warangal,Warangal,Brinjal,Brinjal,FAQ,22/09/2025,2000,2400,2200,35
Telangana,Warangal,Warangal,Brinjal,Brinjal,FAQ,24/08/2025,1600,2000,1800,35
Telangana,Warangal,Warangal,Brinjal,Brinjal,FAQ,11/09/2025,2200,2600,2400,35
Telangana,Warangal,Warangal,Brinjal,Brinjal,FAQ,17/09/2025,1600,2000,1800,35
Telangana,Warangal,Warangal,Brinjal,Brinjal,FAQ,20/09/2025,2000,2400,2200,35
Telangana,Warangal,Warangal,Brinjal,Brinjal,FAQ,23/09/2025,2000,2400,2200,35
Telangana,Warangal,Warangal,Brinjal,Brinjal,FAQ,25/08/2025,2500,3000,2750,35
Telangana,Warangal,Warangal,Brinjal,Brinjal,FAQ,29/08/2025,1600,2000,1800,35
Telangana,Warangal,Warangal,Brinjal,Brinjal,FAQ,01/09/2025,4000,4500,4250,35
Telangana,Warangal,Warangal,Brinjal,Brinjal,FAQ,03/09/2025,3500,4000,3750,35
Telangana,Warangal,Warangal,Brinjal,Brinjal,FAQ,04/09/2025,4500,5000,4750,35
Telangana,Warangal,Warangal,Brinjal,Brinjal,FAQ,21/09/2025,1600,2000,1800,35
Telangana,Warangal,Warangal,Brinjal,Brinjal,FAQ,26/08/2025,2500,3000,2750,35
Telangana,Warangal,Warangal,Brinjal,Brinjal,FAQ,28/08/2025,1600,2000,1800,35
Telangana,Warangal,Warangal,Brinjal,Brinjal,FAQ,02/09/2025,3200,3600,3400,35
Telangana,Warangal,Warangal,Brinjal,Brinjal,FAQ,07/09/2025,3000,3200,3100,35
Telangana,Warangal,Warangal,Brinjal,Brinjal,FAQ,10/09/2025,3000,3200,3100,35
Telangana,Warangal,Warangal,Brinjal,Brinjal,FAQ,12/09/2025,1200,1600,1400,35
Telangana,Warangal,Warangal,Brinjal,Brinjal,FAQ,13/09/2025,2000,2500,2250,35
Telangana,Warangal,Warangal,Brinjal,Brinjal,FAQ,15/09/2025,1600,2000,1800,35
Telangana,Warangal,Warangal,Brinjal,Brinjal,FAQ,16/09/2025,1600,2000,1800,35
Telangana,Warangal,Warangal,Brinjal,Brinjal,FAQ,18/09/2025,2000,2400,2200,35
Telangana,Warangal,Warangal,Brinjal,Brinjal,FAQ,19/09/2025,1600,2000,1800,35
Telangana,Warangal,Warangal,Brinjal,Brinjal,FAQ,27/08/2025,1600,2000,1800,35
Telangana,Warangal,Warangal,Cabbage,Cabbage,FAQ,01/09/2025,1600,2000,1800,154
Telangana,Warangal,Warangal,Cabbage,Cabbage,FAQ,07/09/2025,1600,2000,1800,154
Telangana,Warangal,Warangal,Cabbage,Cabbage,FAQ,09/09/2025,1600,2000,1800,154
Telangana,Warangal,Warangal,Cabbage,Cabbage,FAQ,10/09/2025,1600,2000,1800,154
Telangana,Warangal,Warangal,Cabbage,Cabbage,FAQ,11/09/2025,1600,2000,1800,154
Telangana,Warangal,Warangal,Cabbage,Cabbage,FAQ,17/09/2025,1600,1800,1700,154
Telangana,Warangal,Warangal,Cabbage,Cabbage,FAQ,18/09/2025,1400,1600,1500,154
Telangana,Warangal,Warangal,Cabbage,Cabbage,FAQ,21/09/2025,1600,2000,1800,154
Telangana,Warangal,Warangal,Cabbage,Cabbage,FAQ,26/08/2025,2000,2500,2250,154
Telangana,Warangal,Warangal,Cabbage,Cabbage,FAQ,27/08/2025,1600,2000,1800,154
Telangana,Warangal,Warangal,Cabbage,Cabbage,FAQ,28/08/2025,1600,2000,1800,154
Telangana,Warangal,Warangal,Cabbage,Cabbage,FAQ,29/08/2025,1600,2000,1800,154
Telangana,Warangal,Warangal,Cabbage,Cabbage,FAQ,31/08/2025,1600,2000,1800,154
Telangana,Warangal,Warangal,Cabbage,Cabbage,FAQ,05/09/2025,1600,2000,1800,154
Telangana,Warangal,Warangal,Cabbage,Cabbage,FAQ,06/09/2025,1600,2000,1800,154
Telangana,Warangal,Warangal,Cabbage,Cabbage,FAQ,12/09/2025,1600,2000,1800,154
Telangana,Warangal,Warangal,Cabbage,Cabbage,FAQ,13/09/2025,1600,2000,1800,154
Telangana,Warangal,Warangal,Cabbage,Cabbage,FAQ,20/09/2025,1400,1600,1500,154
Telangana,Warangal,Warangal,Cabbage,Cabbage,FAQ,08/09/2025,1600,2000,1800,154
Telangana,Warangal,Warangal,Cabbage,Cabbage,FAQ,15/09/2025,1600,2000,1800,154
Telangana,Warangal,Warangal,Cabbage,Cabbage,FAQ,19/09/2025,1600,2000,1800,154
Telangana,Warangal,Warangal,Cabbage,Cabbage,FAQ,30/08/2025,2000,2500,2250,154
Telangana,Warangal,Warangal,Cabbage,Cabbage,FAQ,02/09/2025,1600,2000,1800,154
Telangana,Warangal,Warangal,Cabbage,Cabbage,FAQ,14/09/2025,1600,2000,1800,154
Telangana,Warangal,Warangal,Cabbage,Cabbage,FAQ,25/08/2025,1600,2000,1800,154
Telangana,Warangal,Warangal,Cabbage,Cabbage,FAQ,04/09/2025,1600,2000,1800,154
Telangana,Warangal,Warangal,Cabbage,Cabbage,FAQ,23/09/2025,1600,1800,1700,154
Telangana,Warangal,Warangal,Cabbage,Cabbage,FAQ,03/09/2025,1600,2000,1800,154
Telangana,Warangal,Warangal,Cabbage,Cabbage,FAQ,16/09/2025,1600,2000,1800,154
Telangana,Warangal,Warangal,Capsicum,Capsicum,FAQ,03/09/2025,5500,6000,5750,164
Telangana,Warangal,Warangal,Capsicum,Capsicum,FAQ,04/09/2025,5500,6000,5750,164
Telangana,Warangal,Warangal,Capsicum,Capsicum,FAQ,05/09/2025,5500,6000,5750,164
Telangana,Warangal,Warangal,Capsicum,Capsicum,FAQ,07/09/2025,5500,6000,5750,164
Telangana,Warangal,Warangal,Capsicum,Capsicum,FAQ,10/09/2025,5500,6000,5750,164
Telangana,Warangal,Warangal,Capsicum,Capsicum,FAQ,18/09/2025,5500,6000,5750,164
Telangana,Warangal,Warangal,Capsicum,Capsicum,FAQ,20/09/2025,5500,6000,5750,164
Telangana,Warangal,Warangal,Capsicum,Capsicum,FAQ,21/09/2025,4500,5000,4750,164
Telangana,Warangal,Warangal,Capsicum,Capsicum,FAQ,29/08/2025,5500,6000,5750,164
Telangana,Warangal,Warangal,Capsicum,Capsicum,FAQ,31/08/2025,4500,5000,4750,164
Telangana,Warangal,Warangal,Capsicum,Capsicum,FAQ,02/09/2025,5500,6000,5750,164
Telangana,Warangal,Warangal,Capsicum,Capsicum,FAQ,06/09/2025,5500,6000,5750,164
Telangana,Warangal,Warangal,Capsicum,Capsicum,FAQ,14/09/2025,5500,6000,5750,164
Telangana,Warangal,Warangal,Capsicum,Capsicum,FAQ,23/09/2025,5000,5500,5250,164
Telangana,Warangal,Warangal,Capsicum,Capsicum,FAQ,27/08/2025,5500,6000,5750,164
Telangana,Warangal,Warangal,Capsicum,Capsicum,FAQ,28/08/2025,5500,6000,5750,164
Telangana,Warangal,Warangal,Capsicum,Capsicum,FAQ,17/09/2025,5500,6000,5750,164
Telangana,Warangal,Warangal,Capsicum,Capsicum,FAQ,26/08/2025,4500,5000,4750,164
Telangana,Warangal,Warangal,Capsicum,Capsicum,FAQ,01/09/2025,5500,6000,5750,164
Telangana,Warangal,Warangal,Capsicum,Capsicum,FAQ,09/09/2025,5500,6000,5750,164
Telangana,Warangal,Warangal,Capsicum,Capsicum,FAQ,16/09/2025,5500,6000,5750,164
Telangana,Warangal,Warangal,Capsicum,Capsicum,FAQ,19/09/2025,4500,5000,4750,164
Telangana,Warangal,Warangal,Capsicum,Capsicum,FAQ,25/08/2025,4500,5000,4750,164
Telangana,Warangal,Warangal,Capsicum,Capsicum,FAQ,08/09/2025,5500,6000,5750,164
Telangana,Warangal,Warangal,Capsicum,Capsicum,FAQ,11/09/2025,5500,6000,5750,164
Telangana,Warangal,Warangal,Capsicum,Capsicum,FAQ,12/09/2025,5000,5500,5250,164
Telangana,Warangal,Warangal,Capsicum,Capsicum,FAQ,13/09/2025,5500,6000,5750,164
Telangana,Warangal,Warangal,Capsicum,Capsicum,FAQ,15/09/2025,4500,5000,4750,164
Telangana,Warangal,Warangal,Capsicum,Capsicum,FAQ,30/08/2025,4500,5000,4750,164
Telangana,Warangal,Warangal,Carrot,Carrot,FAQ,02/09/2025,4000,4500,4250,153
Telangana,Warangal,Warangal,Carrot,Carrot,FAQ,17/09/2025,4000,4200,4100,153
Telangana,Warangal,Warangal,Carrot,Carrot,FAQ,23/09/2025,4000,4500,4250,153
Telangana,Warangal,Warangal,Carrot,Carrot,FAQ,06/09/2025,4500,5000,4750,153
Telangana,Warangal,Warangal,Carrot,Carrot,FAQ,07/09/2025,4000,4200,4100,153
Telangana,Warangal,Warangal,Carrot,Carrot,FAQ,10/09/2025,4000,4200,4100,153
Telangana,Warangal,Warangal,Carrot,Carrot,FAQ,19/09/2025,3500,4000,3750,153
Telangana,Warangal,Warangal,Carrot,Carrot,FAQ,26/08/2025,4500,5000,4750,153
Telangana,Warangal,Warangal,Carrot,Carrot,FAQ,30/08/2025,3500,4000,3750,153
Telangana,Warangal,Warangal,Carrot,Carrot,FAQ,08/09/2025,4000,4200,4100,153
Telangana,Warangal,Warangal,Carrot,Carrot,FAQ,12/09/2025,4000,4200,4100,153
Telangana,Warangal,Warangal,Carrot,Carrot,FAQ,16/09/2025,4000,4200,4100,153
Telangana,Warangal,Warangal,Carrot,Carrot,FAQ,18/09/2025,4000,4200,4100,153
Telangana,Warangal,Warangal,Carrot,Carrot,FAQ,20/09/2025,4000,4200,4100,153
Telangana,Warangal,Warangal,Carrot,Carrot,FAQ,21/09/2025,3500,4000,3750,153
Telangana,Warangal,Warangal,Carrot,Carrot,FAQ,03/09/2025,3500,4000,3750,153
Telangana,Warangal,Warangal,Carrot,Carrot,FAQ,04/09/2025,3500,4000,3750,153
Telangana,Warangal,Warangal,Carrot,Carrot,FAQ,09/09/2025,4000,4200,4100,153
Telangana,Warangal,Warangal,Carrot,Carrot,FAQ,11/09/2025,4000,4200,4100,153
Telangana,Warangal,Warangal,Carrot,Carrot,FAQ,13/09/2025,4000,4400,4200,153
Telangana,Warangal,Warangal,Carrot,Carrot,FAQ,14/09/2025,4000,4200,4100,153
Telangana,Warangal,Warangal,Carrot,Carrot,FAQ,25/08/2025,4000,4500,4250,153
Telangana,Warangal,Warangal,Carrot,Carrot,FAQ,27/08/2025,4000,4500,4250,153
Telangana,Warangal,Warangal,Carrot,Carrot,FAQ,28/08/2025,3500,4000,3750,153
Telangana,Warangal,Warangal,Carrot,Carrot,FAQ,29/08/2025,3500,4000,3750,153
Telangana,Warangal,Warangal,Carrot,Carrot,FAQ,01/09/2025,4000,4500,4250,153
Telangana,Warangal,Warangal,Carrot,Carrot,FAQ,05/09/2025,3500,4000,3750,153
Telangana,Warangal,Warangal,Carrot,Carrot,FAQ,15/09/2025,4000,4200,4100,153
Telangana,Warangal,Warangal,Carrot,Carrot,FAQ,31/08/2025,3500,4000,3750,153
Telangana,Warangal,Warangal,Castor Seed,Castor seed,FAQ,25/08/2025,4552,4552,4552,123
Telangana,Warangal,Warangal,Castor Seed,Castor seed,FAQ,26/08/2025,4552,4552,4552,123
Telangana,Warangal,Warangal,Cauliflower,Cauliflower,FAQ,09/09/2025,4000,4500,4250,34
Telangana,Warangal,Warangal,Cauliflower,Cauliflower,FAQ,10/09/2025,4000,4500,4250,34
Telangana,Warangal,Warangal,Cauliflower,Cauliflower,FAQ,12/09/2025,3500,4000,3750,34
Telangana,Warangal,Warangal,Cauliflower,Cauliflower,FAQ,15/09/2025,2500,3000,2750,34
Telangana,Warangal,Warangal,Cauliflower,Cauliflower,FAQ,17/09/2025,3000,3500,3250,34
Telangana,Warangal,Warangal,Cauliflower,Cauliflower,FAQ,18/09/2025,3000,3500,3250,34
Telangana,Warangal,Warangal,Cauliflower,Cauliflower,FAQ,20/09/2025,3500,4000,3750,34
Telangana,Warangal,Warangal,Cauliflower,Cauliflower,FAQ,27/08/2025,4500,5000,4750,34
Telangana,Warangal,Warangal,Cauliflower,Cauliflower,FAQ,30/08/2025,4500,5000,4750,34
Telangana,Warangal,Warangal,Cauliflower,Cauliflower,FAQ,07/09/2025,4000,4500,4250,34
Telangana,Warangal,Warangal,Cauliflower,Cauliflower,FAQ,23/09/2025,3000,3500,3250,34
Telangana,Warangal,Warangal,Cauliflower,Cauliflower,FAQ,05/09/2025,3500,4000,3750,34
Telangana,Warangal,Warangal,Cauliflower,Cauliflower,FAQ,13/09/2025,3000,3500,3250,34
Telangana,Warangal,Warangal,Cauliflower,Cauliflower,FAQ,16/09/2025,4000,4500,4250,34
Telangana,Warangal,Warangal,Cauliflower,Cauliflower,FAQ,21/09/2025,3000,3500,3250,34
Telangana,Warangal,Warangal,Cauliflower,Cauliflower,FAQ,26/08/2025,4500,5000,4750,34
Telangana,Warangal,Warangal,Cauliflower,Cauliflower,FAQ,31/08/2025,4500,5000,4750,34
Telangana,Warangal,Warangal,Cauliflower,Cauliflower,FAQ,01/09/2025,4000,4500,4250,34
Telangana,Warangal,Warangal,Cauliflower,Cauliflower,FAQ,04/09/2025,3500,4000,3750,34
Telangana,Warangal,Warangal,Cauliflower,Cauliflower,FAQ,11/09/2025,3500,4000,3750,34
Telangana,Warangal,Warangal,Cauliflower,Cauliflower,FAQ,25/08/2025,3500,4000,3750,34
Telangana,Warangal,Warangal,Cauliflower,Cauliflower,FAQ,02/09/2025,4000,4500,4250,34
Telangana,Warangal,Warangal,Cauliflower,Cauliflower,FAQ,03/09/2025,3500,4000,3750,34
Telangana,Warangal,Warangal,Cauliflower,Cauliflower,FAQ,08/09/2025,4000,4500,4250,34
Telangana,Warangal,Warangal,Cauliflower,Cauliflower,FAQ,14/09/2025,3500,4000,3750,34
Telangana,Warangal,Warangal,Cauliflower,Cauliflower,FAQ,19/09/2025,3000,3500,3250,34
Telangana,Warangal,Warangal,Cauliflower,Cauliflower,FAQ,28/08/2025,4000,4500,4250,34
Telangana,Warangal,Warangal,Cluster beans,Cluster Beans,FAQ,09/09/2025,3500,4000,3750,80
Telangana,Warangal,Warangal,Cluster beans,Cluster Beans,FAQ,15/09/2025,2500,3000,2750,80
Telangana,Warangal,Warangal,Cluster beans,Cluster Beans,FAQ,26/08/2025,3000,3500,3250,80
Telangana,Warangal,Warangal,Cluster beans,Cluster Beans,FAQ,27/08/2025,3000,3400,3200,80
Telangana,Warangal,Warangal,Cluster beans,Cluster Beans,FAQ,02/09/2025,3200,3600,3400,80
Telangana,Warangal,Warangal,Cluster beans,Cluster Beans,FAQ,11/09/2025,4000,4200,4100,80
Telangana,Warangal,Warangal,Cluster beans,Cluster Beans,FAQ,18/09/2025,3500,4000,3750,80
Telangana,Warangal,Warangal,Cluster beans,Cluster Beans,FAQ,25/08/2025,2500,3000,2750,80
Telangana,Warangal,Warangal,Cluster beans,Cluster Beans,FAQ,28/08/2025,3000,3200,3100,80
Telangana,Warangal,Warangal,Cluster beans,Cluster Beans,FAQ,04/09/2025,3000,3500,3250,80
Telangana,Warangal,Warangal,Cluster beans,Cluster Beans,FAQ,19/09/2025,2500,3000,2750,80
Telangana,Warangal,Warangal,Cluster beans,Cluster Beans,FAQ,29/08/2025,2500,3000,2750,80
Telangana,Warangal,Warangal,Cluster beans,Cluster Beans,FAQ,30/08/2025,3000,3200,3100,80
Telangana,Warangal,Warangal,Cluster beans,Cluster Beans,FAQ,07/09/2025,3500,4000,3750,80
Telangana,Warangal,Warangal,Cluster beans,Cluster Beans,FAQ,10/09/2025,3500,4000,3750,80
Telangana,Warangal,Warangal,Cluster beans,Cluster Beans,FAQ,23/09/2025,3500,4000,3750,80
Telangana,Warangal,Warangal,Cluster beans,Cluster Beans,FAQ,01/09/2025,3200,3600,3400,80
Telangana,Warangal,Warangal,Cluster beans,Cluster Beans,FAQ,03/09/2025,3200,3600,3400,80
Telangana,Warangal,Warangal,Cluster beans,Cluster Beans,FAQ,06/09/2025,3000,3500,3250,80
Telangana,Warangal,Warangal,Cluster beans,Cluster Beans,FAQ,08/09/2025,3500,4000,3750,80
Telangana,Warangal,Warangal,Cluster beans,Cluster Beans,FAQ,16/09/2025,3500,4000,3750,80
Telangana,Warangal,Warangal,Cluster beans,Cluster Beans,FAQ,24/08/2025,3000,3200,3100,80
Telangana,Warangal,Warangal,Colacasia,Colacasia,FAQ,01/09/2025,3600,4000,3800,318
Telangana,Warangal,Warangal,Colacasia,Colacasia,FAQ,05/09/2025,3500,4000,3750,318
Telangana,Warangal,Warangal,Colacasia,Colacasia,FAQ,06/09/2025,3200,3600,3400,318
Telangana,Warangal,Warangal,Colacasia,Colacasia,FAQ,11/09/2025,3200,3600,3400,318
Telangana,Warangal,Warangal,Colacasia,Colacasia,FAQ,18/09/2025,3200,3600,3400,318
Telangana,Warangal,Warangal,Colacasia,Colacasia,FAQ,20/09/2025,3200,3600,3400,318
Telangana,Warangal,Warangal,Colacasia,Colacasia,FAQ,22/09/2025,3000,3200,3100,318
Telangana,Warangal,Warangal,Colacasia,Colacasia,FAQ,25/08/2025,3000,3500,3250,318
Telangana,Warangal,Warangal,Colacasia,Colacasia,FAQ,31/08/2025,3200,3600,3400,318
Telangana,Warangal,Warangal,Colacasia,Colacasia,FAQ,02/09/2025,3500,4000,3750,318
Telangana,Warangal,Warangal,Colacasia,Colacasia,FAQ,03/09/2025,3500,4000,3750,318
Telangana,Warangal,Warangal,Colacasia,Colacasia,FAQ,04/09/2025,3200,3600,3400,318
Telangana,Warangal,Warangal,Colacasia,Colacasia,FAQ,07/09/2025,3500,4000,3750,318
Telangana,Warangal,Warangal,Colacasia,Colacasia,FAQ,10/09/2025,3200,3600,3400,318
Telangana,Warangal,Warangal,Colacasia,Colacasia,FAQ,19/09/2025,3000,3500,3250,318
Telangana,Warangal,Warangal,Colacasia,Colacasia,FAQ,27/08/2025,3500,4000,3750,318
Telangana,Warangal,Warangal,Colacasia,Colacasia,FAQ,28/08/2025,3500,4000,3750,318
Telangana,Warangal,Warangal,Colacasia,Colacasia,FAQ,09/09/2025,3500,4000,3750,318
Telangana,Warangal,Warangal,Colacasia,Colacasia,FAQ,15/09/2025,3000,3500,3250,318
Telangana,Warangal,Warangal,Colacasia,Colacasia,FAQ,16/09/2025,3000,3200,3100,318
Telangana,Warangal,Warangal,Colacasia,Colacasia,FAQ,26/08/2025,3500,4000,3750,318
Telangana,Warangal,Warangal,Colacasia,Colacasia,FAQ,14/09/2025,3200,3600,3400,318
Telangana,Warangal,Warangal,Colacasia,Colacasia,FAQ,12/09/2025,3000,3200,3100,318
Telangana,Warangal,Warangal,Colacasia,Colacasia,FAQ,13/09/2025,3200,3600,3400,318
Telangana,Warangal,Warangal,Colacasia,Colacasia,FAQ,17/09/2025,3200,3600,3400,318
Telangana,Warangal,Warangal,Colacasia,Colacasia,FAQ,21/09/2025,3500,4000,3750,318
Telangana,Warangal,Warangal,Colacasia,Colacasia,FAQ,23/09/2025,3000,3200,3100,318
Telangana,Warangal,Warangal,Colacasia,Colacasia,FAQ,29/08/2025,2500,3000,2750,318
Telangana,Warangal,Warangal,Colacasia,Colacasia,FAQ,30/08/2025,3500,4000,3750,318
Telangana,Warangal,Kesamudram,Cotton,Cotton (Unginned),FAQ,08/09/2025,7300,7511,7356,15
Telangana,Warangal,Warangal,Cotton,Cotton (Unginned),FAQ,04/09/2025,6500,7510,7100,15
Telangana,Warangal,Warangal,Cotton,Cotton (Unginned),FAQ,08/09/2025,6300,7530,7000,15
Telangana,Warangal,Warangal,Cotton,Cotton (Unginned),FAQ,16/09/2025,6500,7480,7011,15
Telangana,Warangal,Warangal,Cotton,Cotton (Unginned),FAQ,23/09/2025,6500,7370,7000,15
Telangana,Warangal,Warangal,Cotton,Cotton (Unginned),FAQ,25/08/2025,6500,7750,7300,15
Telangana,Warangal,Kesamudram,Cotton,Cotton (Unginned),FAQ,11/09/2025,7300,7455,7420,15
Telangana,Warangal,Kesamudram,Cotton,Cotton (Unginned),FAQ,15/09/2025,7300,7481,7300,15
Telangana,Warangal,Kesamudram,Cotton,Cotton (Unginned),FAQ,16/09/2025,7300,7420,7365,15
Telangana,Warangal,Kesamudram,Cotton,Cotton (Unginned),FAQ,25/08/2025,7300,7656,7589,15
Telangana,Warangal,Warangal,Cotton,Cotton (Unginned),FAQ,02/09/2025,5000,7555,7100,15
Telangana,Warangal,Warangal,Cotton,Cotton (Unginned),FAQ,11/09/2025,6021,7545,6800,15
Telangana,Warangal,Warangal,Cotton,Cotton (Unginned),FAQ,17/09/2025,6300,7440,7011,15
Telangana,Warangal,Warangal,Cotton,Cotton (Unginned),FAQ,19/09/2025,5500,7370,6800,15
Telangana,Warangal,Warangal,Cotton,Cotton (Unginned),FAQ,22/09/2025,6000,7370,7000,15
Telangana,Warangal,Kesamudram,Cotton,Cotton (Unginned),FAQ,12/09/2025,7100,7516,7485,15
Telangana,Warangal,Warangal,Cotton,Cotton (Unginned),FAQ,12/09/2025,6500,7550,7200,15
Telangana,Warangal,Warangal,Cotton,Cotton (Unginned),FAQ,15/09/2025,5500,7400,7011,15
Telangana,Warangal,Warangal,Cotton,Cotton (Unginned),FAQ,18/09/2025,6000,7440,7011,15
Telangana,Warangal,Kesamudram,Cotton,Cotton (Unginned),FAQ,09/09/2025,7300,7480,7436,15
Telangana,Warangal,Kesamudram,Cotton,Cotton (Unginned),FAQ,10/09/2025,7459,7459,7459,15
Telangana,Warangal,Kesamudram,Cotton,Cotton (Unginned),FAQ,17/09/2025,7300,7476,7411,15
Telangana,Warangal,Kesamudram,Cotton,Cotton (Unginned),FAQ,26/08/2025,7200,7621,7481,15
Telangana,Warangal,Warangal,Cotton,Cotton (Unginned),FAQ,09/09/2025,5427,7580,7100,15
Telangana,Warangal,Warangal,Cotton,Cotton (Unginned),FAQ,28/08/2025,5000,7600,6921,15
Telangana,Warangal,Kesamudram,Cotton,Cotton (Unginned),FAQ,18/09/2025,7416,7416,7416,15
Telangana,Warangal,Kesamudram,Cotton,Cotton (Unginned),FAQ,22/09/2025,7251,7251,7251,15
Telangana,Warangal,Warangal,Cotton,Cotton (Unginned),FAQ,01/09/2025,6300,7540,6950,15
Telangana,Warangal,Warangal,Cotton,Cotton (Unginned),FAQ,03/09/2025,6500,7580,7100,15
Telangana,Warangal,Warangal,Cotton,Cotton (Unginned),FAQ,10/09/2025,5800,7555,7000,15
Telangana,Warangal,Warangal,Cotton,Cotton (Unginned),FAQ,26/08/2025,5600,7600,6400,15
Telangana,Warangal,Warangal,Cotton,Cotton (Unginned),FAQ,29/08/2025,5500,7560,7000,15
Telangana,Warangal,Warangal,Cowpea (Lobia/Karamani),Cowpea (W-S),FAQ,16/09/2025,5052,5789,5052,92
Telangana,Warangal,Warangal,Cowpea (Lobia/Karamani),Cowpea (W-S),FAQ,26/08/2025,5722,5722,5722,92
Telangana,Warangal,Warangal,Cowpea (Lobia/Karamani),Cowpea (W-S),FAQ,25/08/2025,5602,5602,5602,92
Telangana,Warangal,Warangal,Cowpea (Lobia/Karamani),Cowpea (W-S),FAQ,19/09/2025,5152,5152,5152,92
Telangana,Warangal,Warangal,Cowpea (Lobia/Karamani),Cowpea (W-S),FAQ,23/09/2025,1522,2529,2529,92
Telangana,Warangal,Warangal,Cowpea (Lobia/Karamani),Cowpea (W-S),FAQ,28/08/2025,5312,5312,5312,92
Telangana,Warangal,Warangal,Cucumbar(Kheera),Cucumbar,FAQ,03/09/2025,1600,2000,1800,159
Telangana,Warangal,Warangal,Cucumbar(Kheera),Cucumbar,FAQ,07/09/2025,1600,2000,1800,159
Telangana,Warangal,Warangal,Cucumbar(Kheera),Cucumbar,FAQ,27/08/2025,1600,2000,1800,159
Telangana,Warangal,Warangal,Cucumbar(Kheera),Cucumbar,FAQ,28/08/2025,1600,2000,1800,159
Telangana,Warangal,Warangal,Cucumbar(Kheera),Cucumbar,FAQ,04/09/2025,2000,2500,2250,159
Telangana,Warangal,Warangal,Cucumbar(Kheera),Cucumbar,FAQ,11/09/2025,2000,2400,2200,159
Telangana,Warangal,Warangal,Cucumbar(Kheera),Cucumbar,FAQ,15/09/2025,1600,2000,1800,159
Telangana,Warangal,Warangal,Cucumbar(Kheera),Cucumbar,FAQ,31/08/2025,1600,2000,1800,159
Telangana,Warangal,Warangal,Cucumbar(Kheera),Cucumbar,FAQ,01/09/2025,2000,2400,2200,159
Telangana,Warangal,Warangal,Cucumbar(Kheera),Cucumbar,FAQ,02/09/2025,2000,2400,2200,159
Telangana,Warangal,Warangal,Cucumbar(Kheera),Cucumbar,FAQ,10/09/2025,2200,2400,2300,159
Telangana,Warangal,Warangal,Cucumbar(Kheera),Cucumbar,FAQ,12/09/2025,2000,2400,2200,159
Telangana,Warangal,Warangal,Cucumbar(Kheera),Cucumbar,FAQ,14/09/2025,2200,2600,2400,159
Telangana,Warangal,Warangal,Cucumbar(Kheera),Cucumbar,FAQ,16/09/2025,2200,2600,2400,159
Telangana,Warangal,Warangal,Cucumbar(Kheera),Cucumbar,FAQ,17/09/2025,2000,2400,2200,159
Telangana,Warangal,Warangal,Cucumbar(Kheera),Cucumbar,FAQ,20/09/2025,2600,2800,2700,159
Telangana,Warangal,Warangal,Cucumbar(Kheera),Cucumbar,FAQ,22/09/2025,2600,2800,2700,159
Telangana,Warangal,Warangal,Cucumbar(Kheera),Cucumbar,FAQ,25/08/2025,1600,2000,1800,159
Telangana,Warangal,Warangal,Cucumbar(Kheera),Cucumbar,FAQ,08/09/2025,1600,2000,1800,159
Telangana,Warangal,Warangal,Cucumbar(Kheera),Cucumbar,FAQ,13/09/2025,2000,2400,2200,159
Telangana,Warangal,Warangal,Cucumbar(Kheera),Cucumbar,FAQ,18/09/2025,2400,2600,2500,159
Telangana,Warangal,Warangal,Cucumbar(Kheera),Cucumbar,FAQ,19/09/2025,1600,2000,1800,159
Telangana,Warangal,Warangal,Cucumbar(Kheera),Cucumbar,FAQ,23/09/2025,2400,2600,2500,159
Telangana,Warangal,Warangal,Cucumbar(Kheera),Cucumbar,FAQ,26/08/2025,2200,2600,2400,159
Telangana,Warangal,Warangal,Cucumbar(Kheera),Cucumbar,FAQ,05/09/2025,2000,2400,2200,159
Telangana,Warangal,Warangal,Cucumbar(Kheera),Cucumbar,FAQ,09/09/2025,2000,2200,2100,159
Telangana,Warangal,Warangal,Cucumbar(Kheera),Cucumbar,FAQ,21/09/2025,1600,2000,1800,159
Telangana,Warangal,Warangal,Cucumbar(Kheera),Cucumbar,FAQ,24/08/2025,1600,2000,1800,159
Telangana,Warangal,Warangal,Cucumbar(Kheera),Cucumbar,FAQ,29/08/2025,2000,2500,2250,159
Telangana,Warangal,Warangal,Cucumbar(Kheera),Cucumbar,FAQ,30/08/2025,1600,2000,1800,159
Telangana,Warangal,Warangal,Dry Chillies,Talu,FAQ,10/09/2025,4000,5500,4500,132
Telangana,Warangal,Warangal,Dry Chillies,1st Sort,FAQ,04/09/2025,7000,12500,8000,132
Telangana,Warangal,Warangal,Dry Chillies,1st Sort,FAQ,26/08/2025,7000,12000,10500,132
Telangana,Warangal,Warangal,Dry Chillies,1st Sort,FAQ,28/08/2025,7500,12000,10000,132
Telangana,Warangal,Warangal,Dry Chillies,2nd Sort,FAQ,01/09/2025,8000,14500,11500,132
Telangana,Warangal,Warangal,Dry Chillies,2nd Sort,FAQ,08/09/2025,8000,13000,10000,132
Telangana,Warangal,Warangal,Dry Chillies,2nd Sort,FAQ,18/09/2025,7500,15000,10000,132
Telangana,Warangal,Warangal,Dry Chillies,2nd Sort,FAQ,22/09/2025,8000,14500,12800,132
Telangana,Warangal,Warangal,Dry Chillies,3rd Sort,FAQ,01/09/2025,8000,13000,10500,132
Telangana,Warangal,Warangal,Dry Chillies,3rd Sort,FAQ,08/09/2025,8000,13000,10000,132
Telangana,Warangal,Warangal,Dry Chillies,3rd Sort,FAQ,10/09/2025,6500,12600,10500,132
Telangana,Warangal,Warangal,Dry Chillies,3rd Sort,FAQ,11/09/2025,9000,13600,12000,132
Telangana,Warangal,Warangal,Dry Chillies,3rd Sort,FAQ,15/09/2025,7000,12000,9500,132
Telangana,Warangal,Warangal,Dry Chillies,Talu,FAQ,01/09/2025,3000,6500,5000,132
Telangana,Warangal,Warangal,Dry Chillies,Talu,FAQ,15/09/2025,3500,6000,5000,132
Telangana,Warangal,Warangal,Dry Chillies,Talu,FAQ,22/09/2025,3000,6000,4000,132
Telangana,Warangal,Warangal,Dry Chillies,1st Sort,FAQ,10/09/2025,7000,12500,10000,132
Telangana,Warangal,Warangal,Dry Chillies,1st Sort,FAQ,01/09/2025,7500,12600,10000,132
Telangana,Warangal,Warangal,Dry Chillies,1st Sort,FAQ,02/09/2025,7000,12500,10500,132
Telangana,Warangal,Warangal,Dry Chillies,1st Sort,FAQ,09/09/2025,7000,12500,10000,132
Telangana,Warangal,Warangal,Dry Chillies,2nd Sort,FAQ,02/09/2025,8000,12000,10000,132
Telangana,Warangal,Warangal,Dry Chillies,2nd Sort,FAQ,10/09/2025,8500,12000,9600,132
Telangana,Warangal,Warangal,Dry Chillies,2nd Sort,FAQ,11/09/2025,8000,12500,9000,132
Telangana,Warangal,Warangal,Dry Chillies,2nd Sort,FAQ,12/09/2025,8000,12000,11000,132
Telangana,Warangal,Warangal,Dry Chillies,2nd Sort,FAQ,28/08/2025,7000,12000,10000,132
Telangana,Warangal,Warangal,Dry Chillies,2nd Sort,FAQ,29/08/2025,7300,12500,11800,132
Telangana,Warangal,Warangal,Dry Chillies,3rd Sort,FAQ,02/09/2025,8000,10600,9000,132
Telangana,Warangal,Warangal,Dry Chillies,3rd Sort,FAQ,16/09/2025,8000,12500,9200,132
Telangana,Warangal,Warangal,Dry Chillies,3rd Sort,FAQ,18/09/2025,7500,13500,9200,132
Telangana,Warangal,Warangal,Dry Chillies,3rd Sort,FAQ,22/09/2025,6000,13500,11500,132
Telangana,Warangal,Warangal,Dry Chillies,3rd Sort,FAQ,25/08/2025,6500,12500,9000,132
Telangana,Warangal,Warangal,Dry Chillies,Talu,FAQ,09/09/2025,4000,5500,4500,132
Telangana,Warangal,Warangal,Dry Chillies,Talu,FAQ,17/09/2025,2500,7000,4500,132
Telangana,Warangal,Warangal,Dry Chillies,Talu,FAQ,28/08/2025,4000,6500,5200,132
Telangana,Warangal,Warangal,Dry Chillies,Talu,FAQ,29/08/2025,3000,5800,5500,132
Telangana,Warangal,Warangal,Dry Chillies,3rd Sort,FAQ,10/09/2025,8000,12500,10000,132
Telangana,Warangal,Warangal,Dry Chillies,1st Sort,FAQ,08/09/2025,5000,13000,7500,132
Telangana,Warangal,Warangal,Dry Chillies,1st Sort,FAQ,11/09/2025,9000,13500,12500,132
Telangana,Warangal,Warangal,Dry Chillies,1st Sort,FAQ,15/09/2025,6000,12800,10000,132
Telangana,Warangal,Warangal,Dry Chillies,1st Sort,FAQ,16/09/2025,9000,12500,11000,132
Telangana,Warangal,Warangal,Dry Chillies,2nd Sort,FAQ,17/09/2025,7000,13500,9000,132
Telangana,Warangal,Warangal,Dry Chillies,2nd Sort,FAQ,25/08/2025,8500,11500,9000,132
Telangana,Warangal,Warangal,Dry Chillies,2nd Sort,FAQ,26/08/2025,5000,11000,8000,132
Telangana,Warangal,Warangal,Dry Chillies,3rd Sort,FAQ,28/08/2025,6500,13000,9000,132
Telangana,Warangal,Warangal,Dry Chillies,Talu,FAQ,02/09/2025,3000,6000,5000,132
Telangana,Warangal,Warangal,Dry Chillies,Talu,FAQ,16/09/2025,4500,7000,4500,132
Telangana,Warangal,Warangal,Dry Chillies,Talu,FAQ,18/09/2025,3000,7000,4500,132
Telangana,Warangal,Warangal,Dry Chillies,Talu,FAQ,19/09/2025,3500,6500,4500,132
Telangana,Warangal,Warangal,Dry Chillies,Talu,FAQ,25/08/2025,2200,6000,5200,132
Telangana,Warangal,Warangal,Dry Chillies,2nd Sort,FAQ,10/09/2025,8500,12000,11000,132
Telangana,Warangal,Warangal,Dry Chillies,1st Sort,FAQ,10/09/2025,7200,13500,12500,132
Telangana,Warangal,Warangal,Dry Chillies,1st Sort,FAQ,19/09/2025,7000,13500,11500,132
Telangana,Warangal,Warangal,Dry Chillies,1st Sort,FAQ,25/08/2025,6000,11500,8000,132
Telangana,Warangal,Warangal,Dry Chillies,1st Sort,FAQ,29/08/2025,8500,12800,10000,132
Telangana,Warangal,Warangal,Dry Chillies,2nd Sort,FAQ,15/09/2025,8000,14000,10000,132
Telangana,Warangal,Warangal,Dry Chillies,2nd Sort,FAQ,19/09/2025,7500,13500,10000,132
Telangana,Warangal,Warangal,Dry Chillies,3rd Sort,FAQ,09/09/2025,8000,12500,10000,132
Telangana,Warangal,Warangal,Dry Chillies,3rd Sort,FAQ,17/09/2025,8000,14000,10000,132
Telangana,Warangal,Warangal,Dry Chillies,3rd Sort,FAQ,26/08/2025,6500,9000,8800,132
Telangana,Warangal,Warangal,Dry Chillies,Talu,FAQ,04/09/2025,4000,6000,5500,132
Telangana,Warangal,Warangal,Dry Chillies,Talu,FAQ,10/09/2025,2800,6000,4000,132
Telangana,Warangal,Warangal,Dry Chillies,Talu,FAQ,12/09/2025,2800,6500,5000,132
Telangana,Warangal,Warangal,Dry Chillies,1st Sort,FAQ,12/09/2025,7950,13500,9800,132
Telangana,Warangal,Warangal,Dry Chillies,1st Sort,FAQ,17/09/2025,8000,13000,9000,132
Telangana,Warangal,Warangal,Dry Chillies,1st Sort,FAQ,18/09/2025,6700,14000,9000,132
Telangana,Warangal,Warangal,Dry Chillies,1st Sort,FAQ,22/09/2025,6000,11500,8500,132
Telangana,Warangal,Warangal,Dry Chillies,2nd Sort,FAQ,04/09/2025,8000,12000,9500,132
Telangana,Warangal,Warangal,Dry Chillies,2nd Sort,FAQ,09/09/2025,8500,12000,11000,132
Telangana,Warangal,Warangal,Dry Chillies,2nd Sort,FAQ,16/09/2025,8600,13000,12000,132
Telangana,Warangal,Warangal,Dry Chillies,3rd Sort,FAQ,04/09/2025,7200,13000,9000,132
Telangana,Warangal,Warangal,Dry Chillies,3rd Sort,FAQ,12/09/2025,7300,13500,9000,132
Telangana,Warangal,Warangal,Dry Chillies,3rd Sort,FAQ,19/09/2025,7500,13500,10500,132
Telangana,Warangal,Warangal,Dry Chillies,3rd Sort,FAQ,29/08/2025,8300,12500,9000,132
Telangana,Warangal,Warangal,Dry Chillies,Talu,FAQ,08/09/2025,2500,7000,5500,132
Telangana,Warangal,Warangal,Dry Chillies,Talu,FAQ,11/09/2025,3000,6500,5500,132
Telangana,Warangal,Warangal,Dry Chillies,Talu,FAQ,26/08/2025,2000,4000,3500,132
Telangana,Warangal,Warangal,Field Pea,Field Pea,FAQ,08/09/2025,5500,6000,5750,64
Telangana,Warangal,Warangal,Field Pea,Field Pea,FAQ,11/09/2025,5500,6000,5750,64
Telangana,Warangal,Warangal,Field Pea,Field Pea,FAQ,26/08/2025,4500,5000,4750,64
Telangana,Warangal,Warangal,Field Pea,Field Pea,FAQ,28/08/2025,4500,5000,4750,64
Telangana,Warangal,Warangal,Field Pea,Field Pea,FAQ,03/09/2025,5500,6000,5750,64
Telangana,Warangal,Warangal,Field Pea,Field Pea,FAQ,05/09/2025,5500,6000,5750,64
Telangana,Warangal,Warangal,Field Pea,Field Pea,FAQ,16/09/2025,4500,5000,4750,64
Telangana,Warangal,Warangal,Field Pea,Field Pea,FAQ,17/09/2025,5500,6000,5750,64
Telangana,Warangal,Warangal,Field Pea,Field Pea,FAQ,21/09/2025,4500,5000,4750,64
Telangana,Warangal,Warangal,Field Pea,Field Pea,FAQ,02/09/2025,5500,6000,5750,64
Telangana,Warangal,Warangal,Field Pea,Field Pea,FAQ,07/09/2025,5500,6000,5750,64
Telangana,Warangal,Warangal,Field Pea,Field Pea,FAQ,09/09/2025,5500,6000,5750,64
Telangana,Warangal,Warangal,Field Pea,Field Pea,FAQ,18/09/2025,5500,6000,5750,64
Telangana,Warangal,Warangal,Field Pea,Field Pea,FAQ,27/08/2025,4000,4500,4250,64
Telangana,Warangal,Warangal,Field Pea,Field Pea,FAQ,31/08/2025,4500,5000,4750,64
Telangana,Warangal,Warangal,Field Pea,Field Pea,FAQ,12/09/2025,5500,6000,5750,64
Telangana,Warangal,Warangal,Field Pea,Field Pea,FAQ,13/09/2025,4500,5000,4750,64
Telangana,Warangal,Warangal,Field Pea,Field Pea,FAQ,14/09/2025,4500,5000,4750,64
Telangana,Warangal,Warangal,Field Pea,Field Pea,FAQ,20/09/2025,5500,6000,5750,64
Telangana,Warangal,Warangal,Field Pea,Field Pea,FAQ,22/09/2025,5000,5500,5250,64
Telangana,Warangal,Warangal,Field Pea,Field Pea,FAQ,25/08/2025,3500,4000,3750,64
Telangana,Warangal,Warangal,Field Pea,Field Pea,FAQ,29/08/2025,4500,5000,4750,64
Telangana,Warangal,Warangal,Field Pea,Field Pea,FAQ,30/08/2025,4500,5000,4750,64
Telangana,Warangal,Warangal,Field Pea,Field Pea,FAQ,01/09/2025,5500,6000,5750,64
Telangana,Warangal,Warangal,Field Pea,Field Pea,FAQ,04/09/2025,4500,5000,4750,64
Telangana,Warangal,Warangal,Field Pea,Field Pea,FAQ,10/09/2025,5500,6000,5750,64
Telangana,Warangal,Warangal,Field Pea,Field Pea,FAQ,15/09/2025,3500,4000,3750,64
Telangana,Warangal,Warangal,Field Pea,Field Pea,FAQ,19/09/2025,3500,4000,3750,64
Telangana,Warangal,Warangal,Field Pea,Field Pea,FAQ,23/09/2025,4500,5000,4750,64
Telangana,Warangal,Warangal,Field Pea,Field Pea,FAQ,24/08/2025,4500,5000,4750,64
Telangana,Warangal,Warangal,French Beans (Frasbean),French Beans (Frasbean),FAQ,03/09/2025,10000,11000,10500,298
Telangana,Warangal,Warangal,French Beans (Frasbean),French Beans (Frasbean),FAQ,09/09/2025,7500,8000,7750,298
Telangana,Warangal,Warangal,French Beans (Frasbean),French Beans (Frasbean),FAQ,16/09/2025,7500,8000,7750,298
Telangana,Warangal,Warangal,French Beans (Frasbean),French Beans (Frasbean),FAQ,25/08/2025,9500,10000,9750,298
Telangana,Warangal,Warangal,French Beans (Frasbean),French Beans (Frasbean),FAQ,27/08/2025,10000,11000,10500,298
Telangana,Warangal,Warangal,French Beans (Frasbean),French Beans (Frasbean),FAQ,23/09/2025,5500,6000,5750,298
Telangana,Warangal,Warangal,French Beans (Frasbean),French Beans (Frasbean),FAQ,26/08/2025,9000,9500,9250,298
Telangana,Warangal,Warangal,French Beans (Frasbean),French Beans (Frasbean),FAQ,02/09/2025,10000,11000,10500,298
Telangana,Warangal,Warangal,French Beans (Frasbean),French Beans (Frasbean),FAQ,04/09/2025,9500,10000,9750,298
Telangana,Warangal,Warangal,French Beans (Frasbean),French Beans (Frasbean),FAQ,05/09/2025,9500,10000,9750,298
Telangana,Warangal,Warangal,French Beans (Frasbean),French Beans (Frasbean),FAQ,10/09/2025,7000,8000,7500,298
Telangana,Warangal,Warangal,French Beans (Frasbean),French Beans (Frasbean),FAQ,11/09/2025,8500,9000,8750,298
Telangana,Warangal,Warangal,French Beans (Frasbean),French Beans (Frasbean),FAQ,12/09/2025,7500,8000,7750,298
Telangana,Warangal,Warangal,French Beans (Frasbean),French Beans (Frasbean),FAQ,20/09/2025,5500,6000,5750,298
Telangana,Warangal,Warangal,French Beans (Frasbean),French Beans (Frasbean),FAQ,30/08/2025,9500,10000,9750,298
Telangana,Warangal,Warangal,French Beans (Frasbean),French Beans (Frasbean),FAQ,31/08/2025,9500,10000,9750,298
Telangana,Warangal,Warangal,French Beans (Frasbean),French Beans (Frasbean),FAQ,06/09/2025,9500,10000,9750,298
Telangana,Warangal,Warangal,French Beans (Frasbean),French Beans (Frasbean),FAQ,28/08/2025,10000,11000,10500,298
Telangana,Warangal,Warangal,French Beans (Frasbean),French Beans (Frasbean),FAQ,14/09/2025,7500,8000,7750,298
Telangana,Warangal,Warangal,French Beans (Frasbean),French Beans (Frasbean),FAQ,29/08/2025,9500,10000,9750,298
Telangana,Warangal,Warangal,French Beans (Frasbean),French Beans (Frasbean),FAQ,13/09/2025,7500,8000,7750,298
Telangana,Warangal,Warangal,French Beans (Frasbean),French Beans (Frasbean),FAQ,17/09/2025,7500,8000,7750,298
Telangana,Warangal,Warangal,French Beans (Frasbean),French Beans (Frasbean),FAQ,07/09/2025,8500,9000,8750,298
Telangana,Warangal,Warangal,French Beans (Frasbean),French Beans (Frasbean),FAQ,08/09/2025,8500,9000,8750,298
Telangana,Warangal,Warangal,French Beans (Frasbean),French Beans (Frasbean),FAQ,15/09/2025,7500,8000,7750,298
Telangana,Warangal,Warangal,French Beans (Frasbean),French Beans (Frasbean),FAQ,18/09/2025,7000,8000,7500,298
Telangana,Warangal,Warangal,French Beans (Frasbean),French Beans (Frasbean),FAQ,19/09/2025,7500,8000,7750,298
Telangana,Warangal,Warangal,French Beans (Frasbean),French Beans (Frasbean),FAQ,21/09/2025,8500,9000,8750,298
Telangana,Warangal,Warangal,French Beans (Frasbean),French Beans (Frasbean),FAQ,01/09/2025,9500,10000,9750,298
Telangana,Warangal,Warangal,Grapes,Black,Medium,12/09/2025,5000,5000,5000,22
Telangana,Warangal,Warangal,Grapes,Black,Medium,13/09/2025,5000,5000,5000,22
Telangana,Warangal,Warangal,Grapes,Black,Medium,22/09/2025,5000,5000,5000,22
Telangana,Warangal,Warangal,Grapes,Black,Medium,01/09/2025,5000,5000,5000,22
Telangana,Warangal,Warangal,Grapes,Black,Medium,04/09/2025,5000,5000,5000,22
Telangana,Warangal,Warangal,Grapes,Black,Medium,09/09/2025,5000,5000,5000,22
Telangana,Warangal,Warangal,Grapes,Black,Medium,21/09/2025,5000,5000,5000,22
Telangana,Warangal,Warangal,Grapes,Black,Medium,25/08/2025,6000,6000,6000,22
Telangana,Warangal,Warangal,Grapes,Black,Medium,26/08/2025,6000,6000,6000,22
Telangana,Warangal,Warangal,Grapes,Black,Medium,31/08/2025,5000,5000,5000,22
Telangana,Warangal,Warangal,Grapes,Black,Large,17/09/2025,5000,5000,5000,22
Telangana,Warangal,Warangal,Grapes,Black,Medium,27/08/2025,5000,5000,5000,22
Telangana,Warangal,Warangal,Grapes,Black,Medium,05/09/2025,5000,5000,5000,22
Telangana,Warangal,Warangal,Grapes,Black,Medium,07/09/2025,5000,5000,5000,22
Telangana,Warangal,Warangal,Grapes,Black,Medium,02/09/2025,5000,5000,5000,22
Telangana,Warangal,Warangal,Grapes,Black,Medium,11/09/2025,5000,5000,5000,22
Telangana,Warangal,Warangal,Green Chilli,Green Chilly,FAQ,11/09/2025,2500,3000,2750,87
Telangana,Warangal,Warangal,Green Chilli,Green Chilly,FAQ,13/09/2025,3000,3500,3250,87
Telangana,Warangal,Warangal,Green Chilli,Green Chilly,FAQ,17/09/2025,3000,3200,3100,87
Telangana,Warangal,Warangal,Green Chilli,Green Chilly,FAQ,25/08/2025,3000,3500,3250,87
Telangana,Warangal,Warangal,Green Chilli,Green Chilly,FAQ,30/08/2025,2500,3000,2750,87
Telangana,Warangal,Warangal,Green Chilli,Green Chilly,FAQ,06/09/2025,4500,5000,4750,87
Telangana,Warangal,Warangal,Green Chilli,Green Chilly,FAQ,07/09/2025,3500,4000,3750,87
Telangana,Warangal,Warangal,Green Chilli,Green Chilly,FAQ,14/09/2025,2500,3000,2750,87
Telangana,Warangal,Warangal,Green Chilli,Green Chilly,FAQ,16/09/2025,3000,3500,3250,87
Telangana,Warangal,Warangal,Green Chilli,Green Chilly,FAQ,02/09/2025,2500,3000,2750,87
Telangana,Warangal,Warangal,Green Chilli,Green Chilly,FAQ,08/09/2025,4500,5000,4750,87
Telangana,Warangal,Warangal,Green Chilli,Green Chilly,FAQ,10/09/2025,4000,4200,4100,87
Telangana,Warangal,Warangal,Green Chilli,Green Chilly,FAQ,20/09/2025,3000,3200,3100,87
Telangana,Warangal,Warangal,Green Chilli,Green Chilly,FAQ,21/09/2025,3500,4000,3750,87
Telangana,Warangal,Warangal,Green Chilli,Green Chilly,FAQ,22/09/2025,3200,3600,3400,87
Telangana,Warangal,Warangal,Green Chilli,Green Chilly,FAQ,23/09/2025,2400,2600,2500,87
Telangana,Warangal,Warangal,Green Chilli,Green Chilly,FAQ,27/08/2025,3500,4000,3750,87
Telangana,Warangal,Warangal,Green Chilli,Green Chilly,FAQ,28/08/2025,2500,3000,2750,87
Telangana,Warangal,Warangal,Green Chilli,Green Chilly,FAQ,01/09/2025,2500,3000,2750,87
Telangana,Warangal,Warangal,Green Chilli,Green Chilly,FAQ,09/09/2025,4000,4500,4250,87
Telangana,Warangal,Warangal,Green Chilli,Green Chilly,FAQ,12/09/2025,4500,5000,4750,87
Telangana,Warangal,Warangal,Green Chilli,Green Chilly,FAQ,18/09/2025,3000,3200,3100,87
Telangana,Warangal,Warangal,Green Chilli,Green Chilly,FAQ,03/09/2025,2000,2500,2250,87
Telangana,Warangal,Warangal,Green Chilli,Green Chilly,FAQ,04/09/2025,3500,4000,3750,87
Telangana,Warangal,Warangal,Green Chilli,Green Chilly,FAQ,05/09/2025,3000,3200,3100,87
Telangana,Warangal,Warangal,Green Chilli,Green Chilly,FAQ,15/09/2025,2500,3000,2750,87
Telangana,Warangal,Warangal,Green Chilli,Green Chilly,FAQ,19/09/2025,1600,2000,1800,87
Telangana,Warangal,Warangal,Green Chilli,Green Chilly,FAQ,24/08/2025,3000,3500,3250,87
Telangana,Warangal,Warangal,Green Chilli,Green Chilly,FAQ,26/08/2025,4500,5000,4750,87
Telangana,Warangal,Warangal,Green Chilli,Green Chilly,FAQ,29/08/2025,2500,3000,2750,87
Telangana,Warangal,Warangal,Green Chilli,Green Chilly,FAQ,31/08/2025,3500,4000,3750,87
Telangana,Warangal,Jangaon,Green Gram (Moong)(Whole),Local,Non-FAQ,11/09/2025,3600,5000,4400,9
Telangana,Warangal,Warangal,Green Gram (Moong)(Whole),Local,FAQ,19/09/2025,4522,4522,4522,9
Telangana,Warangal,Warangal,Green Gram (Moong)(Whole),Local,FAQ,25/08/2025,2222,6222,5255,9
Telangana,Warangal,Jangaon,Green Gram (Moong)(Whole),Local,Non-FAQ,20/09/2025,5900,5900,5900,9
Telangana,Warangal,Warangal,Green Gram (Moong)(Whole),Local,FAQ,04/09/2025,3122,5950,4912,9
Telangana,Warangal,Jangaon,Green Gram (Moong)(Whole),Local,Non-FAQ,29/08/2025,4501,4751,4525,9
Telangana,Warangal,Warangal,Green Gram (Moong)(Whole),Local,FAQ,26/08/2025,1511,6222,5012,9
Telangana,Warangal,Jangaon,Green Gram (Moong)(Whole),Local,Non-FAQ,26/08/2025,4200,6350,5700,9
Telangana,Warangal,Warangal,Green Gram (Moong)(Whole),Local,FAQ,12/09/2025,1412,6250,5550,9
Telangana,Warangal,Warangal,Green Gram (Moong)(Whole),Local,FAQ,03/09/2025,3655,5922,5752,9
Telangana,Warangal,Warangal,Green Gram (Moong)(Whole),Local,FAQ,15/09/2025,3722,7002,7002,9
Telangana,Warangal,Warangal,Groundnut,Gungri (With Shell),FAQ,01/09/2025,5600,6200,6200,10
Telangana,Warangal,Warangal,Groundnut,Gungri (With Shell),FAQ,02/09/2025,3000,6600,3900,10
Telangana,Warangal,Warangal,Groundnut,Gungri (With Shell),FAQ,04/09/2025,4500,6100,6100,10
Telangana,Warangal,Warangal,Groundnut,Gungri (With Shell),FAQ,12/09/2025,2900,6690,3850,10
Telangana,Warangal,Warangal,Groundnut,Gungri (With Shell),FAQ,15/09/2025,5850,5900,5900,10
Telangana,Warangal,Warangal,Groundnut,Gungri (With Shell),FAQ,22/09/2025,3320,5900,4200,10
Telangana,Warangal,Jangaon,Groundnut,Balli/Habbu,Non-FAQ,06/09/2025,4200,4200,4200,10
Telangana,Warangal,Warangal,Groundnut,Gungri (With Shell),FAQ,17/09/2025,3200,6530,4000,10
Telangana,Warangal,Warangal,Groundnut,Gungri (With Shell),FAQ,08/09/2025,3500,6020,3650,10
Telangana,Warangal,Warangal,Groundnut,Gungri (With Shell),FAQ,09/09/2025,3400,6280,3600,10
Telangana,Warangal,Warangal,Groundnut,Gungri (With Shell),FAQ,11/09/2025,5500,7000,7000,10
Telangana,Warangal,Warangal,Groundnut,Gungri (With Shell),FAQ,19/09/2025,2800,6700,3560,10
Telangana,Warangal,Warangal,Groundnut,Gungri (With Shell),FAQ,26/08/2025,2500,6210,6210,10
Telangana,Warangal,Warangal,Groundnut,Gungri (With Shell),FAQ,28/08/2025,3500,4190,3800,10
Telangana,Warangal,Warangal,Groundnut,Gungri (With Shell),FAQ,29/08/2025,6300,6300,6300,10
Telangana,Warangal,Warangal,Groundnut,Gungri (With Shell),FAQ,10/09/2025,2600,5800,5800,10
Telangana,Warangal,Warangal,Groundnut,Gungri (With Shell),FAQ,16/09/2025,3500,6450,3600,10
Telangana,Warangal,Warangal,Groundnut,Gungri (With Shell),FAQ,18/09/2025,2600,6810,3500,10
Telangana,Warangal,Warangal,Groundnut,Gungri (With Shell),FAQ,23/09/2025,3000,6500,3900,10
Telangana,Warangal,Warangal,Groundnut,Gungri (With Shell),FAQ,25/08/2025,2500,6210,6210,10
Telangana,Warangal,Warangal,Guava,Guava,Medium,01/09/2025,3500,3500,3500,185
Telangana,Warangal,Warangal,Guava,Guava,Medium,02/09/2025,4000,4000,4000,185
Telangana,Warangal,Warangal,Guava,Guava,Medium,03/09/2025,4500,4500,4500,185
Telangana,Warangal,Warangal,Guava,Guava,Medium,12/09/2025,4000,4000,4000,185
Telangana,Warangal,Warangal,Guava,Guava,Medium,13/09/2025,4000,4000,4000,185
Telangana,Warangal,Warangal,Guava,Guava,Medium,17/09/2025,4000,4000,4000,185
Telangana,Warangal,Warangal,Guava,Guava,Medium,06/09/2025,4000,4000,4000,185
Telangana,Warangal,Warangal,Guava,Guava,Medium,08/09/2025,4000,4000,4000,185
Telangana,Warangal,Warangal,Guava,Guava,Medium,11/09/2025,4000,4000,4000,185
Telangana,Warangal,Warangal,Guava,Guava,Medium,15/09/2025,4000,4000,4000,185
Telangana,Warangal,Warangal,Guava,Guava,Medium,05/09/2025,4200,4200,4200,185
Telangana,Warangal,Warangal,Guava,Guava,Medium,09/09/2025,3500,3500,3500,185
Telangana,Warangal,Warangal,Guava,Guava,Medium,10/09/2025,4000,4000,4000,185
Telangana,Warangal,Warangal,Guava,Guava,Medium,25/08/2025,4000,4000,4000,185
Telangana,Warangal,Warangal,Guava,Guava,Medium,27/08/2025,4000,4000,4000,185
Telangana,Warangal,Warangal,Guava,Guava,Medium,24/08/2025,3750,3750,3750,185
Telangana,Warangal,Warangal,Guava,Guava,Medium,29/08/2025,4300,4300,4300,185
Telangana,Warangal,Warangal,Guava,Guava,Medium,30/08/2025,4000,4000,4000,185
Telangana,Warangal,Warangal,Guava,Guava,Medium,04/09/2025,4000,4000,4000,185
Telangana,Warangal,Warangal,Guava,Guava,Medium,07/09/2025,4000,4000,4000,185
Telangana,Warangal,Warangal,Guava,Guava,Medium,21/09/2025,4500,4500,4500,185
Telangana,Warangal,Warangal,Guava,Guava,Medium,26/08/2025,3500,3500,3500,185
Telangana,Warangal,Warangal,Guava,Guava,Medium,31/08/2025,4000,4000,4000,185
Telangana,Warangal,Warangal,Jowar(Sorghum),Jowar (Yellow),FAQ,12/09/2025,2952,2952,2952,5
Telangana,Warangal,Warangal,Jowar(Sorghum),Jowar (Yellow),FAQ,28/08/2025,2022,2022,2022,5
Telangana,Warangal,Warangal,Jowar(Sorghum),Jowar (Yellow),FAQ,16/09/2025,3300,3300,3300,5
Telangana,Warangal,Warangal,Jowar(Sorghum),Jowar (Yellow),FAQ,29/08/2025,2359,3259,2359,5
Telangana,Warangal,Warangal,Jowar(Sorghum),Jowar ( White),FAQ,26/08/2025,2722,2722,2722,5
Telangana,Warangal,Warangal,Jowar(Sorghum),Jowar (Yellow),FAQ,25/08/2025,2722,2722,2722,5
Telangana,Warangal,Warangal,Jowar(Sorghum),Jowar (Yellow),FAQ,26/08/2025,2852,2902,2902,5
Telangana,Warangal,Warangal,Kinnow,Kinnow,Medium,06/09/2025,20000,20000,20000,336
Telangana,Warangal,Ghanpur,Maize,Deshi Red,FAQ,16/09/2025,2100,2305,2200,4
Telangana,Warangal,Jangaon,Maize,Local,Non-FAQ,12/09/2025,1251,1251,1251,4
Telangana,Warangal,Jangaon,Maize,Local,Non-FAQ,13/09/2025,2225,2225,2225,4
Telangana,Warangal,Jangaon,Maize,Local,Non-FAQ,17/09/2025,1350,1955,1601,4
Telangana,Warangal,Narsampet,Maize,Hybrid,FAQ,22/09/2025,2021,0,2111,4
Telangana,Warangal,Warangal,Maize,Local,FAQ,16/09/2025,1900,2295,2285,4
Telangana,Warangal,Warangal,Maize,Local,FAQ,25/08/2025,2102,2232,2232,4
Telangana,Warangal,Ghanpur,Maize,Deshi Red,FAQ,18/09/2025,2100,2320,2200,4
Telangana,Warangal,Jangaon,Maize,Local,Non-FAQ,14/09/2025,2225,2225,2225,4
Telangana,Warangal,Jangaon,Maize,Local,Non-FAQ,30/08/2025,2225,2225,2225,4
Telangana,Warangal,Narsampet,Maize,Hybrid,FAQ,06/09/2025,2151,2177,2168,4
Telangana,Warangal,Narsampet,Maize,Hybrid,FAQ,10/09/2025,2011,2171,2156,4
Telangana,Warangal,Warangal,Maize,Local,FAQ,11/09/2025,1800,2180,2180,4
Telangana,Warangal,Warangal,Maize,Local,FAQ,17/09/2025,1810,2300,2180,4
Telangana,Warangal,Jangaon,Maize,Local,Non-FAQ,02/09/2025,2225,2225,2225,4
Telangana,Warangal,Jangaon,Maize,Local,Non-FAQ,04/09/2025,2225,2225,2225,4
Telangana,Warangal,Jangaon,Maize,Local,Non-FAQ,05/09/2025,2225,2225,2225,4
Telangana,Warangal,Jangaon,Maize,Local,Non-FAQ,06/09/2025,2225,2225,2225,4
Telangana,Warangal,Jangaon,Maize,Local,Non-FAQ,07/09/2025,2225,2225,2225,4
Telangana,Warangal,Jangaon,Maize,Local,Non-FAQ,08/09/2025,2225,2225,2225,4
Telangana,Warangal,Jangaon,Maize,Local,Non-FAQ,19/09/2025,1609,2057,1651,4
Telangana,Warangal,Jangaon,Maize,Local,Non-FAQ,21/09/2025,2225,2225,2225,4
Telangana,Warangal,Jangaon,Maize,Local,Non-FAQ,24/08/2025,2225,2225,2225,4
Telangana,Warangal,Kesamudram,Maize,Local,FAQ,04/09/2025,2309,2309,2309,4
Telangana,Warangal,Narsampet,Maize,Hybrid,FAQ,17/09/2025,2102,2162,2142,4
Telangana,Warangal,Narsampet,Maize,Hybrid,FAQ,18/09/2025,2109,2176,2116,4
Telangana,Warangal,Narsampet,Maize,Hybrid,FAQ,19/09/2025,1951,2181,2162,4
Telangana,Warangal,Narsampet,Maize,Hybrid,FAQ,20/09/2025,2101,2206,2206,4
Telangana,Warangal,Warangal,Maize,Local,FAQ,02/09/2025,1700,2320,2300,4
Telangana,Warangal,Warangal,Maize,Local,FAQ,18/09/2025,1802,2188,2070,4
Telangana,Warangal,Ghanpur,Maize,Deshi Red,FAQ,08/09/2025,2000,2350,2200,4
Telangana,Warangal,Jangaon,Maize,Local,Non-FAQ,10/09/2025,2059,2059,2059,4
Telangana,Warangal,Jangaon,Maize,Local,Non-FAQ,18/09/2025,1651,2027,1826,4
Telangana,Warangal,Jangaon,Maize,Local,Non-FAQ,28/08/2025,2225,2225,2225,4
Telangana,Warangal,Kesamudram,Maize,Local,FAQ,25/08/2025,2300,2322,2322,4
Telangana,Warangal,Narsampet,Maize,Hybrid,FAQ,12/09/2025,2136,2142,2142,4
Telangana,Warangal,Warangal,Maize,Local,FAQ,08/09/2025,2160,2300,2201,4
Telangana,Warangal,Warangal,Maize,Local,FAQ,09/09/2025,1860,2201,2201,4
Telangana,Warangal,Warangal,Maize,Local,FAQ,12/09/2025,1621,2320,2300,4
Telangana,Warangal,Warangal,Maize,Local,FAQ,19/09/2025,2000,2290,2240,4
Telangana,Warangal,Warangal,Maize,Local,FAQ,26/08/2025,2121,2268,2268,4
Telangana,Warangal,Warangal,Maize,Local,FAQ,29/08/2025,2280,2305,2305,4
Telangana,Warangal,Jangaon,Maize,Local,Non-FAQ,22/09/2025,1626,2059,1809,4
Telangana,Warangal,Jangaon,Maize,Local,Non-FAQ,27/08/2025,2225,2225,2225,4
Telangana,Warangal,Narsampet,Maize,Hybrid,FAQ,25/08/2025,2151,2157,2156,4
Telangana,Warangal,Warangal,Maize,Local,FAQ,04/09/2025,2290,2290,2290,4
Telangana,Warangal,Warangal,Maize,Local,FAQ,22/09/2025,1950,2215,2010,4
Telangana,Warangal,Warangal,Maize,Local,FAQ,23/09/2025,1800,2230,2080,4
Telangana,Warangal,Jangaon,Maize,Local,Non-FAQ,03/09/2025,2225,2225,2225,4
Telangana,Warangal,Jangaon,Maize,Local,Non-FAQ,16/09/2025,1511,2000,1711,4
Telangana,Warangal,Jangaon,Maize,Local,Non-FAQ,20/09/2025,1851,2033,1875,4
Telangana,Warangal,Jangaon,Maize,Local,Non-FAQ,25/08/2025,2225,2225,2225,4
Telangana,Warangal,Jangaon,Maize,Local,Non-FAQ,31/08/2025,2225,2225,2225,4
Telangana,Warangal,Narsampet,Maize,Hybrid,Non-FAQ,11/09/2025,2142,2169,2153,4
Telangana,Warangal,Warangal,Maize,Local,FAQ,01/09/2025,2320,2320,2320,4
Telangana,Warangal,Warangal,Maize,Local,FAQ,03/09/2025,1700,2305,2159,4
Telangana,Warangal,Warangal,Maize,Local,FAQ,10/09/2025,2211,2211,2211,4
Telangana,Warangal,Warangal,Maize,Local,FAQ,15/09/2025,2100,2100,2100,4
Telangana,Warangal,Warangal,Mousambi(Sweet Lime),Mousambi,Large,01/09/2025,2000,2000,2000,77
Telangana,Warangal,Warangal,Mousambi(Sweet Lime),Mousambi,Large,05/09/2025,2000,2000,2000,77
Telangana,Warangal,Warangal,Mousambi(Sweet Lime),Mousambi,Large,15/09/2025,2500,2500,2500,77
Telangana,Warangal,Warangal,Mousambi(Sweet Lime),Mousambi,Large,17/09/2025,2500,2500,2500,77
Telangana,Warangal,Warangal,Mousambi(Sweet Lime),Mousambi,Medium,01/09/2025,1400,1400,1400,77
Telangana,Warangal,Warangal,Mousambi(Sweet Lime),Mousambi,Medium,02/09/2025,1000,1000,1000,77
Telangana,Warangal,Warangal,Mousambi(Sweet Lime),Mousambi,Medium,05/09/2025,1300,1300,1300,77
Telangana,Warangal,Warangal,Mousambi(Sweet Lime),Mousambi,Medium,07/09/2025,2000,2000,2000,77
Telangana,Warangal,Warangal,Mousambi(Sweet Lime),Mousambi,Medium,10/09/2025,1500,1500,1500,77
Telangana,Warangal,Warangal,Mousambi(Sweet Lime),Mousambi,Medium,12/09/2025,2200,2200,2200,77
Telangana,Warangal,Warangal,Mousambi(Sweet Lime),Mousambi,Large,23/09/2025,2500,2500,2500,77
Telangana,Warangal,Warangal,Mousambi(Sweet Lime),Mousambi,Medium,27/08/2025,2000,2000,2000,77
Telangana,Warangal,Warangal,Mousambi(Sweet Lime),Mousambi,Large,04/09/2025,2500,2500,2500,77
Telangana,Warangal,Warangal,Mousambi(Sweet Lime),Mousambi,Large,09/09/2025,2000,2000,2000,77
Telangana,Warangal,Warangal,Mousambi(Sweet Lime),Mousambi,Large,10/09/2025,2500,2500,2500,77
Telangana,Warangal,Warangal,Mousambi(Sweet Lime),Mousambi,Large,12/09/2025,2500,2500,2500,77
Telangana,Warangal,Warangal,Mousambi(Sweet Lime),Mousambi,Medium,06/09/2025,1500,1500,1500,77
Telangana,Warangal,Warangal,Mousambi(Sweet Lime),Mousambi,Medium,09/09/2025,1500,1500,1500,77
Telangana,Warangal,Warangal,Mousambi(Sweet Lime),Mousambi,Medium,17/09/2025,1500,1500,1500,77
Telangana,Warangal,Warangal,Mousambi(Sweet Lime),Mousambi,Medium,24/08/2025,2000,2000,2000,77
Telangana,Warangal,Warangal,Mousambi(Sweet Lime),Mousambi,Medium,25/08/2025,1200,1200,1200,77
Telangana,Warangal,Warangal,Mousambi(Sweet Lime),Mousambi,Large,03/09/2025,2500,2500,2500,77
Telangana,Warangal,Warangal,Mousambi(Sweet Lime),Mousambi,Large,31/08/2025,2500,2500,2500,77
Telangana,Warangal,Warangal,Mousambi(Sweet Lime),Mousambi,Medium,04/09/2025,1600,1600,1600,77
Telangana,Warangal,Warangal,Mousambi(Sweet Lime),Mousambi,Medium,14/09/2025,1500,1500,1500,77
Telangana,Warangal,Warangal,Mousambi(Sweet Lime),Mousambi,Medium,22/09/2025,1500,1500,1500,77
Telangana,Warangal,Warangal,Mousambi(Sweet Lime),Mousambi,Medium,23/09/2025,1600,1600,1600,77
Telangana,Warangal,Warangal,Mousambi(Sweet Lime),Mousambi,Medium,30/08/2025,1200,1200,1200,77
Telangana,Warangal,Warangal,Mousambi(Sweet Lime),Mousambi,Large,11/09/2025,2000,2000,2000,77
Telangana,Warangal,Warangal,Mousambi(Sweet Lime),Mousambi,Large,30/08/2025,1500,1500,1500,77
Telangana,Warangal,Warangal,Mousambi(Sweet Lime),Mousambi,Medium,03/09/2025,1800,1800,1800,77
Telangana,Warangal,Warangal,Mousambi(Sweet Lime),Mousambi,Medium,11/09/2025,1500,1500,1500,77
Telangana,Warangal,Warangal,Mousambi(Sweet Lime),Mousambi,Medium,15/09/2025,1500,1500,1500,77
Telangana,Warangal,Warangal,Mousambi(Sweet Lime),Mousambi,Medium,26/08/2025,1400,1400,1400,77
Telangana,Warangal,Warangal,Mousambi(Sweet Lime),Mousambi,Medium,31/08/2025,1800,1800,1800,77
Telangana,Warangal,Warangal,Orange,Orange,Large,11/09/2025,5000,5000,5000,18
Telangana,Warangal,Warangal,Orange,Orange,Medium,11/09/2025,4000,4000,4000,18
Telangana,Warangal,Warangal,Orange,Orange,Medium,12/09/2025,4000,4000,4000,18
Telangana,Warangal,Warangal,Orange,Orange,Medium,23/09/2025,3000,3000,3000,18
Telangana,Warangal,Warangal,Orange,Orange,Small,16/09/2025,3000,3000,3000,18
Telangana,Warangal,Warangal,Orange,Orange,Large,16/09/2025,5000,5000,5000,18
Telangana,Warangal,Warangal,Orange,Orange,Large,22/09/2025,4000,4000,4000,18
Telangana,Warangal,Warangal,Orange,Orange,Medium,22/09/2025,3000,3000,3000,18
Telangana,Warangal,Warangal,Orange,Orange,Small,11/09/2025,3000,3000,3000,18
Telangana,Warangal,Warangal,Orange,Orange,Small,15/09/2025,2000,2000,2000,18
Telangana,Warangal,Warangal,Orange,Orange,Large,12/09/2025,5000,5000,5000,18
Telangana,Warangal,Warangal,Orange,Orange,Large,15/09/2025,4000,4000,4000,18
Telangana,Warangal,Warangal,Orange,Orange,Large,23/09/2025,4000,4000,4000,18
Telangana,Warangal,Warangal,Orange,Orange,Medium,15/09/2025,3000,3000,3000,18
Telangana,Warangal,Warangal,Orange,Orange,Medium,21/09/2025,1500,1500,1500,18
Telangana,Warangal,Warangal,Orange,Orange,Medium,27/08/2025,1000,1000,1000,18
Telangana,Warangal,Warangal,Orange,Orange,Small,12/09/2025,3000,3000,3000,18
Telangana,Warangal,Warangal,Orange,Orange,Small,22/09/2025,2000,2000,2000,18
Telangana,Warangal,Warangal,Orange,Orange,Small,23/09/2025,2000,2000,2000,18
Telangana,Warangal,Warangal,Orange,Orange,Medium,16/09/2025,4000,4000,4000,18
Telangana,Warangal,Kesamudram,Paddy(Dhan)(Common),Samba Masuri,FAQ,23/09/2025,2479,2559,2559,2
Telangana,Warangal,Kesamudram,Paddy(Dhan)(Common),Samba Masuri,FAQ,25/08/2025,2300,2603,2525,2
Telangana,Warangal,Kesamudram,Paddy(Dhan)(Common),Samba Masuri,FAQ,26/08/2025,2409,2581,2489,2
Telangana,Warangal,Kesamudram,Paddy(Dhan)(Common),HMT,FAQ,18/09/2025,2300,2671,2549,2
Telangana,Warangal,Kesamudram,Paddy(Dhan)(Common),Samba Masuri,FAQ,09/09/2025,2903,3061,3050,2
Telangana,Warangal,Kesamudram,Paddy(Dhan)(Common),Samba Masuri,FAQ,22/09/2025,2300,2621,2521,2
Telangana,Warangal,Kesamudram,Paddy(Dhan)(Common),HMT,FAQ,10/09/2025,2309,2662,2525,2
Telangana,Warangal,Kesamudram,Paddy(Dhan)(Common),Samba Masuri,FAQ,04/09/2025,2300,2555,2494,2
Telangana,Warangal,Kesamudram,Paddy(Dhan)(Common),Samba Masuri,FAQ,11/09/2025,2300,2640,2570,2
Telangana,Warangal,Kesamudram,Paddy(Dhan)(Common),Samba Masuri,FAQ,29/08/2025,2300,2585,2487,2
Telangana,Warangal,Kesamudram,Paddy(Dhan)(Common),HMT,FAQ,22/09/2025,2352,2455,2455,2
Telangana,Warangal,Kesamudram,Paddy(Dhan)(Common),Samba Masuri,FAQ,10/09/2025,3095,3095,3095,2
Telangana,Warangal,Kesamudram,Paddy(Dhan)(Common),Samba Masuri,FAQ,16/09/2025,2300,2682,2611,2
Telangana,Warangal,Kesamudram,Paddy(Dhan)(Common),HMT,FAQ,09/09/2025,2300,2646,2608,2
Telangana,Warangal,Kesamudram,Paddy(Dhan)(Common),HMT,FAQ,11/09/2025,2320,2662,2575,2
Telangana,Warangal,Kesamudram,Paddy(Dhan)(Common),Samba Masuri,FAQ,18/09/2025,2351,2692,2507,2
Telangana,Warangal,Kesamudram,Paddy(Dhan)(Common),Samba Masuri,FAQ,28/08/2025,2455,2585,2475,2
Telangana,Warangal,Kesamudram,Paddy(Dhan)(Common),Samba Masuri,FAQ,08/09/2025,2300,2625,2601,2
Telangana,Warangal,Kesamudram,Paddy(Dhan)(Common),Samba Masuri,FAQ,12/09/2025,2300,2862,2550,2
Telangana,Warangal,Kesamudram,Paddy(Dhan)(Common),Samba Masuri,FAQ,15/09/2025,2300,2671,2595,2
Telangana,Warangal,Kodakandal,Paddy(Dhan)(Common),1001,FAQ,08/09/2025,2000,2300,2300,2
Telangana,Warangal,Warangal,Papaya,Papaya,Medium,11/09/2025,1500,1500,1500,72
Telangana,Warangal,Warangal,Papaya,Papaya,Medium,15/09/2025,2000,2000,2000,72
Telangana,Warangal,Warangal,Papaya,Papaya,Medium,16/09/2025,2000,2000,2000,72
Telangana,Warangal,Warangal,Papaya,Papaya,Medium,24/08/2025,2000,2000,2000,72
Telangana,Warangal,Warangal,Papaya,Papaya,Medium,25/08/2025,2000,2000,2000,72
Telangana,Warangal,Warangal,Papaya,Papaya,Medium,03/09/2025,2000,2000,2000,72
Telangana,Warangal,Warangal,Papaya,Papaya,Medium,17/09/2025,1500,1500,1500,72
Telangana,Warangal,Warangal,Papaya,Papaya,Medium,22/09/2025,1500,1500,1500,72
Telangana,Warangal,Warangal,Papaya,Papaya,Medium,23/09/2025,1500,1500,1500,72
Telangana,Warangal,Warangal,Papaya,Papaya,Medium,09/09/2025,1500,1500,1500,72
Telangana,Warangal,Warangal,Papaya,Papaya,Medium,27/08/2025,2000,2000,2000,72
Telangana,Warangal,Warangal,Pineapple,Pine Apple,Medium,23/09/2025,4000,4000,4000,21
Telangana,Warangal,Warangal,Plum,Plum,Medium,24/08/2025,8000,8000,8000,329
Telangana,Warangal,Warangal,Plum,Plum,Medium,25/08/2025,6000,6000,6000,329
Telangana,Warangal,Warangal,Plum,Plum,Medium,27/08/2025,8000,8000,8000,329
Telangana,Warangal,Warangal,Plum,Plum,Large,25/08/2025,7000,7000,7000,329
Telangana,Warangal,Warangal,Plum,Plum,Medium,06/09/2025,9000,9000,9000,329
Telangana,Warangal,Warangal,Plum,Plum,Small,25/08/2025,6000,6000,6000,329
Telangana,Warangal,Warangal,Pomegranate,Pomogranate,Large,03/09/2025,13000,13000,13000,190
Telangana,Warangal,Warangal,Pomegranate,Pomogranate,Large,04/09/2025,8000,8000,8000,190
Telangana,Warangal,Warangal,Pomegranate,Pomogranate,Large,06/09/2025,13000,13000,13000,190
Telangana,Warangal,Warangal,Pomegranate,Pomogranate,Large,16/09/2025,15000,15000,15000,190
Telangana,Warangal,Warangal,Pomegranate,Pomogranate,Large,17/09/2025,12000,12000,12000,190
Telangana,Warangal,Warangal,Pomegranate,Pomogranate,Large,25/08/2025,13000,13000,13000,190
Telangana,Warangal,Warangal,Pomegranate,Pomogranate,Medium,09/09/2025,9000,9000,9000,190
Telangana,Warangal,Warangal,Pomegranate,Pomogranate,Medium,12/09/2025,10000,10000,10000,190
Telangana,Warangal,Warangal,Pomegranate,Pomogranate,Medium,13/09/2025,9000,9000,9000,190
Telangana,Warangal,Warangal,Pomegranate,Pomogranate,Medium,25/08/2025,9000,9000,9000,190
Telangana,Warangal,Warangal,Pomegranate,Pomogranate,Small,12/09/2025,8000,8000,8000,190
Telangana,Warangal,Warangal,Pomegranate,Pomogranate,Small,30/08/2025,7000,7000,7000,190
Telangana,Warangal,Warangal,Pomegranate,Pomogranate,Large,02/09/2025,13000,13000,13000,190
Telangana,Warangal,Warangal,Pomegranate,Pomogranate,Large,14/09/2025,12000,12000,12000,190
Telangana,Warangal,Warangal,Pomegranate,Pomogranate,Large,22/09/2025,13000,13000,13000,190
Telangana,Warangal,Warangal,Pomegranate,Pomogranate,Large,28/08/2025,8000,8000,8000,190
Telangana,Warangal,Warangal,Pomegranate,Pomogranate,Large,31/08/2025,13000,13000,13000,190
Telangana,Warangal,Warangal,Pomegranate,Pomogranate,Medium,06/09/2025,11000,11000,11000,190
Telangana,Warangal,Warangal,Pomegranate,Pomogranate,Medium,15/09/2025,9500,9500,9500,190
Telangana,Warangal,Warangal,Pomegranate,Pomogranate,Small,01/09/2025,7000,7000,7000,190
Telangana,Warangal,Warangal,Pomegranate,Pomogranate,Small,06/09/2025,10000,10000,10000,190
Telangana,Warangal,Warangal,Pomegranate,Pomogranate,Small,14/09/2025,8000,8000,8000,190
Telangana,Warangal,Warangal,Pomegranate,Pomogranate,Small,15/09/2025,8000,8000,8000,190
Telangana,Warangal,Warangal,Pomegranate,Pomogranate,Large,08/09/2025,12000,12000,12000,190
Telangana,Warangal,Warangal,Pomegranate,Pomogranate,Large,12/09/2025,13000,13000,13000,190
Telangana,Warangal,Warangal,Pomegranate,Pomogranate,Large,27/08/2025,15000,15000,15000,190
Telangana,Warangal,Warangal,Pomegranate,Pomogranate,Medium,02/09/2025,9000,9000,9000,190
Telangana,Warangal,Warangal,Pomegranate,Pomogranate,Medium,03/09/2025,10000,10000,10000,190
Telangana,Warangal,Warangal,Pomegranate,Pomogranate,Medium,22/09/2025,11000,11000,11000,190
Telangana,Warangal,Warangal,Pomegranate,Pomogranate,Medium,28/08/2025,7000,7000,7000,190
Telangana,Warangal,Warangal,Pomegranate,Pomogranate,Medium,29/08/2025,9300,9300,9300,190
Telangana,Warangal,Warangal,Pomegranate,Pomogranate,Medium,31/08/2025,10000,10000,10000,190
Telangana,Warangal,Warangal,Pomegranate,Pomogranate,Small,04/09/2025,6000,6000,6000,190
Telangana,Warangal,Warangal,Pomegranate,Pomogranate,Small,08/09/2025,8000,8000,8000,190
Telangana,Warangal,Warangal,Pomegranate,Pomogranate,Small,11/09/2025,7000,7000,7000,190
Telangana,Warangal,Warangal,Pomegranate,Pomogranate,Small,27/08/2025,10000,10000,10000,190
Telangana,Warangal,Warangal,Pomegranate,Pomogranate,Small,29/08/2025,8000,8000,8000,190
Telangana,Warangal,Warangal,Pomegranate,Pomogranate,Large,11/09/2025,12000,12000,12000,190
Telangana,Warangal,Warangal,Pomegranate,Pomogranate,Large,13/09/2025,13000,13000,13000,190
Telangana,Warangal,Warangal,Pomegranate,Pomogranate,Large,26/08/2025,12000,12000,12000,190
Telangana,Warangal,Warangal,Pomegranate,Pomogranate,Large,29/08/2025,12000,12000,12000,190
Telangana,Warangal,Warangal,Pomegranate,Pomogranate,Medium,01/09/2025,7500,7500,7500,190
Telangana,Warangal,Warangal,Pomegranate,Pomogranate,Medium,04/09/2025,7000,7000,7000,190
Telangana,Warangal,Warangal,Pomegranate,Pomogranate,Medium,08/09/2025,10000,10000,10000,190
Telangana,Warangal,Warangal,Pomegranate,Pomogranate,Medium,11/09/2025,9000,9000,9000,190
Telangana,Warangal,Warangal,Pomegranate,Pomogranate,Medium,17/09/2025,10000,10000,10000,190
Telangana,Warangal,Warangal,Pomegranate,Pomogranate,Medium,30/08/2025,9000,9000,9000,190
Telangana,Warangal,Warangal,Pomegranate,Pomogranate,Small,02/09/2025,6000,6000,6000,190
Telangana,Warangal,Warangal,Pomegranate,Pomogranate,Small,05/09/2025,8000,8000,8000,190
Telangana,Warangal,Warangal,Pomegranate,Pomogranate,Small,13/09/2025,7000,7000,7000,190
Telangana,Warangal,Warangal,Pomegranate,Pomogranate,Small,17/09/2025,8000,8000,8000,190
Telangana,Warangal,Warangal,Pomegranate,Pomogranate,Small,26/08/2025,7000,7000,7000,190
Telangana,Warangal,Warangal,Pomegranate,Pomogranate,Small,31/08/2025,8000,8000,8000,190
Telangana,Warangal,Warangal,Pomegranate,Pomogranate,Large,01/09/2025,8000,8000,8000,190
Telangana,Warangal,Warangal,Pomegranate,Pomogranate,Large,05/09/2025,13000,13000,13000,190
Telangana,Warangal,Warangal,Pomegranate,Pomogranate,Large,09/09/2025,10000,10000,10000,190
Telangana,Warangal,Warangal,Pomegranate,Pomogranate,Large,15/09/2025,12000,12000,12000,190
Telangana,Warangal,Warangal,Pomegranate,Pomogranate,Large,30/08/2025,12000,12000,12000,190
Telangana,Warangal,Warangal,Pomegranate,Pomogranate,Medium,05/09/2025,9300,9300,9300,190
Telangana,Warangal,Warangal,Pomegranate,Pomogranate,Medium,14/09/2025,9000,9000,9000,190
Telangana,Warangal,Warangal,Pomegranate,Pomogranate,Medium,16/09/2025,10000,10000,10000,190
Telangana,Warangal,Warangal,Pomegranate,Pomogranate,Medium,26/08/2025,9000,9000,9000,190
Telangana,Warangal,Warangal,Pomegranate,Pomogranate,Medium,27/08/2025,12000,12000,12000,190
Telangana,Warangal,Warangal,Pomegranate,Pomogranate,Small,03/09/2025,7000,7000,7000,190
Telangana,Warangal,Warangal,Pomegranate,Pomogranate,Small,09/09/2025,7000,7000,7000,190
Telangana,Warangal,Warangal,Pomegranate,Pomogranate,Small,16/09/2025,8000,8000,8000,190
Telangana,Warangal,Warangal,Pomegranate,Pomogranate,Small,22/09/2025,9000,9000,9000,190
Telangana,Warangal,Warangal,Pomegranate,Pomogranate,Small,25/08/2025,6000,6000,6000,190
Telangana,Warangal,Warangal,Pomegranate,Pomogranate,Small,28/08/2025,6000,6000,6000,190
Telangana,Warangal,Warangal,Potato,Potato,FAQ,13/09/2025,2200,2600,2400,24
Telangana,Warangal,Warangal,Potato,Potato,FAQ,15/09/2025,2200,2600,2400,24
Telangana,Warangal,Warangal,Potato,Potato,FAQ,21/09/2025,2200,2600,2400,24
Telangana,Warangal,Warangal,Potato,Potato,FAQ,30/08/2025,2000,2500,2250,24
Telangana,Warangal,Warangal,Potato,Potato,FAQ,31/08/2025,2200,2600,2400,24
Telangana,Warangal,Warangal,Potato,Potato,FAQ,10/09/2025,2400,2600,2500,24
Telangana,Warangal,Warangal,Potato,Potato,FAQ,12/09/2025,2200,2600,2400,24
Telangana,Warangal,Warangal,Potato,Potato,FAQ,14/09/2025,2200,2600,2400,24
Telangana,Warangal,Warangal,Potato,Potato,FAQ,16/09/2025,2200,2600,2400,24
Telangana,Warangal,Warangal,Potato,Potato,FAQ,03/09/2025,2200,2600,2400,24
Telangana,Warangal,Warangal,Potato,Potato,FAQ,17/09/2025,2200,2600,2400,24
Telangana,Warangal,Warangal,Potato,Potato,FAQ,19/09/2025,2200,2600,2400,24
Telangana,Warangal,Warangal,Potato,Potato,FAQ,22/09/2025,2400,2600,2500,24
Telangana,Warangal,Warangal,Potato,Potato,FAQ,26/08/2025,2500,3000,2750,24
Telangana,Warangal,Warangal,Potato,Potato,FAQ,01/09/2025,2200,2600,2400,24
Telangana,Warangal,Warangal,Potato,Potato,FAQ,18/09/2025,2200,2600,2400,24
Telangana,Warangal,Warangal,Potato,Potato,FAQ,24/08/2025,2000,2400,2200,24
Telangana,Warangal,Warangal,Potato,Potato,FAQ,02/09/2025,2200,2600,2400,24
Telangana,Warangal,Warangal,Potato,Potato,FAQ,04/09/2025,2000,2500,2250,24
Telangana,Warangal,Warangal,Potato,Potato,FAQ,06/09/2025,2000,2500,2250,24
Telangana,Warangal,Warangal,Potato,Potato,FAQ,23/09/2025,2400,2600,2500,24
Telangana,Warangal,Warangal,Potato,Potato,FAQ,05/09/2025,2200,2600,2400,24
Telangana,Warangal,Warangal,Potato,Potato,FAQ,08/09/2025,2200,2600,2400,24
Telangana,Warangal,Warangal,Potato,Potato,FAQ,29/08/2025,2600,2800,2700,24
Telangana,Warangal,Warangal,Potato,Potato,FAQ,07/09/2025,2200,2600,2400,24
Telangana,Warangal,Warangal,Potato,Potato,FAQ,20/09/2025,2200,2600,2400,24
Telangana,Warangal,Warangal,Potato,Potato,FAQ,25/08/2025,2000,2500,2250,24
Telangana,Warangal,Warangal,Potato,Potato,FAQ,27/08/2025,2200,2600,2400,24
Telangana,Warangal,Warangal,Potato,Potato,FAQ,09/09/2025,2200,2600,2400,24
Telangana,Warangal,Warangal,Potato,Potato,FAQ,11/09/2025,2200,2600,2400,24
Telangana,Warangal,Warangal,Potato,Potato,FAQ,28/08/2025,2200,2600,2400,24
Telangana,Warangal,Warangal,Ridgeguard(Tori),Ridgeguard(Tori),FAQ,01/09/2025,3600,4000,3800,160
Telangana,Warangal,Warangal,Ridgeguard(Tori),Ridgeguard(Tori),FAQ,03/09/2025,3500,4000,3750,160
Telangana,Warangal,Warangal,Ridgeguard(Tori),Ridgeguard(Tori),FAQ,04/09/2025,4500,5000,4750,160
Telangana,Warangal,Warangal,Ridgeguard(Tori),Ridgeguard(Tori),FAQ,06/09/2025,3500,4000,3750,160
Telangana,Warangal,Warangal,Ridgeguard(Tori),Ridgeguard(Tori),FAQ,17/09/2025,3500,4000,3750,160
Telangana,Warangal,Warangal,Ridgeguard(Tori),Ridgeguard(Tori),FAQ,19/09/2025,3500,4000,3750,160
Telangana,Warangal,Warangal,Ridgeguard(Tori),Ridgeguard(Tori),FAQ,05/09/2025,3500,4000,3750,160
Telangana,Warangal,Warangal,Ridgeguard(Tori),Ridgeguard(Tori),FAQ,13/09/2025,4500,5000,4750,160
Telangana,Warangal,Warangal,Ridgeguard(Tori),Ridgeguard(Tori),FAQ,25/08/2025,3500,4000,3750,160
Telangana,Warangal,Warangal,Ridgeguard(Tori),Ridgeguard(Tori),FAQ,30/08/2025,4000,4500,4250,160
Telangana,Warangal,Warangal,Ridgeguard(Tori),Ridgeguard(Tori),FAQ,31/08/2025,4000,4500,4250,160
Telangana,Warangal,Warangal,Ridgeguard(Tori),Ridgeguard(Tori),FAQ,09/09/2025,4500,5000,4750,160
Telangana,Warangal,Warangal,Ridgeguard(Tori),Ridgeguard(Tori),FAQ,10/09/2025,4500,5000,4750,160
Telangana,Warangal,Warangal,Ridgeguard(Tori),Ridgeguard(Tori),FAQ,11/09/2025,4500,5000,4750,160
Telangana,Warangal,Warangal,Ridgeguard(Tori),Ridgeguard(Tori),FAQ,12/09/2025,4500,5000,4750,160
Telangana,Warangal,Warangal,Ridgeguard(Tori),Ridgeguard(Tori),FAQ,15/09/2025,3500,4000,3750,160
Telangana,Warangal,Warangal,Ridgeguard(Tori),Ridgeguard(Tori),FAQ,22/09/2025,2600,2800,2700,160
Telangana,Warangal,Warangal,Ridgeguard(Tori),Ridgeguard(Tori),FAQ,24/08/2025,3500,4000,3750,160
Telangana,Warangal,Warangal,Ridgeguard(Tori),Ridgeguard(Tori),FAQ,02/09/2025,3500,4000,3750,160
Telangana,Warangal,Warangal,Ridgeguard(Tori),Ridgeguard(Tori),FAQ,07/09/2025,3500,4000,3750,160
Telangana,Warangal,Warangal,Ridgeguard(Tori),Ridgeguard(Tori),FAQ,14/09/2025,4500,5000,4750,160
Telangana,Warangal,Warangal,Ridgeguard(Tori),Ridgeguard(Tori),FAQ,16/09/2025,3500,4000,3750,160
Telangana,Warangal,Warangal,Ridgeguard(Tori),Ridgeguard(Tori),FAQ,18/09/2025,3600,4000,3800,160
Telangana,Warangal,Warangal,Ridgeguard(Tori),Ridgeguard(Tori),FAQ,20/09/2025,2600,2800,2700,160
Telangana,Warangal,Warangal,Ridgeguard(Tori),Ridgeguard(Tori),FAQ,23/09/2025,3500,4000,3750,160
Telangana,Warangal,Warangal,Ridgeguard(Tori),Ridgeguard(Tori),FAQ,26/08/2025,3000,3500,3250,160
Telangana,Warangal,Warangal,Ridgeguard(Tori),Ridgeguard(Tori),FAQ,28/08/2025,3500,4000,3750,160
Telangana,Warangal,Warangal,Ridgeguard(Tori),Ridgeguard(Tori),FAQ,08/09/2025,3500,4000,3750,160
Telangana,Warangal,Warangal,Ridgeguard(Tori),Ridgeguard(Tori),FAQ,21/09/2025,3500,4000,3750,160
Telangana,Warangal,Warangal,Ridgeguard(Tori),Ridgeguard(Tori),FAQ,27/08/2025,3500,4000,3750,160
Telangana,Warangal,Warangal,Ridgeguard(Tori),Ridgeguard(Tori),FAQ,29/08/2025,3500,4000,3750,160
Telangana,Warangal,Warangal,"Sesamum(Sesame,Gingelly,Til)",White,FAQ,02/09/2025,8259,8259,8259,11
Telangana,Warangal,Warangal,"Sesamum(Sesame,Gingelly,Til)",White,FAQ,29/08/2025,7886,7886,7886,11
Telangana,Warangal,Warangal,"Sesamum(Sesame,Gingelly,Til)",Black,FAQ,26/08/2025,7853,8122,8122,11
Telangana,Warangal,Warangal,"Sesamum(Sesame,Gingelly,Til)",White,FAQ,23/09/2025,8259,9052,8259,11
Telangana,Warangal,Warangal,"Sesamum(Sesame,Gingelly,Til)",White,FAQ,25/08/2025,7853,8122,8122,11
Telangana,Warangal,Warangal,"Sesamum(Sesame,Gingelly,Til)",White,FAQ,03/09/2025,8382,8763,8382,11
Telangana,Warangal,Warangal,"Sesamum(Sesame,Gingelly,Til)",White,FAQ,12/09/2025,8352,8352,8352,11
Telangana,Warangal,Warangal,"Sesamum(Sesame,Gingelly,Til)",White,FAQ,16/09/2025,7255,9069,9069,11
Telangana,Warangal,Warangal,"Sesamum(Sesame,Gingelly,Til)",White,FAQ,11/09/2025,9610,9610,9610,11
Telangana,Warangal,Warangal,"Sesamum(Sesame,Gingelly,Til)",Black,FAQ,17/09/2025,8012,9306,9009,11
Telangana,Warangal,Warangal,"Sesamum(Sesame,Gingelly,Til)",Black,FAQ,19/09/2025,8759,8759,8759,11
Telangana,Warangal,Warangal,"Sesamum(Sesame,Gingelly,Til)",White,FAQ,22/09/2025,8522,8852,8522,11
Telangana,Warangal,Warangal,Sunflower,Local,FAQ,22/09/2025,4052,4052,4052,14
Telangana,Warangal,Warangal,Tomato,Tomato,FAQ,01/09/2025,2600,2800,2700,78
Telangana,Warangal,Warangal,Tomato,Tomato,FAQ,02/09/2025,2600,2800,2700,78
Telangana,Warangal,Warangal,Tomato,Tomato,FAQ,09/09/2025,1600,2000,1800,78
Telangana,Warangal,Warangal,Tomato,Tomato,FAQ,12/09/2025,1200,1400,1300,78
Telangana,Warangal,Warangal,Tomato,Tomato,FAQ,16/09/2025,1000,1400,1200,78
Telangana,Warangal,Warangal,Tomato,Tomato,FAQ,17/09/2025,1200,1600,1400,78
Telangana,Warangal,Warangal,Tomato,Tomato,FAQ,26/08/2025,3500,4000,3750,78
Telangana,Warangal,Warangal,Tomato,Tomato,FAQ,29/08/2025,2500,3000,2750,78
Telangana,Warangal,Warangal,Tomato,Tomato,FAQ,03/09/2025,2400,2800,2600,78
Telangana,Warangal,Warangal,Tomato,Tomato,FAQ,07/09/2025,1600,2000,1800,78
Telangana,Warangal,Warangal,Tomato,Tomato,FAQ,13/09/2025,1600,2000,1800,78
Telangana,Warangal,Warangal,Tomato,Tomato,FAQ,15/09/2025,1200,1600,1400,78
Telangana,Warangal,Warangal,Tomato,Tomato,FAQ,30/08/2025,2500,3000,2750,78
Telangana,Warangal,Warangal,Tomato,Tomato,FAQ,31/08/2025,2500,3000,2750,78
Telangana,Warangal,Warangal,Tomato,Tomato,FAQ,04/09/2025,2500,3000,2750,78
Telangana,Warangal,Warangal,Tomato,Tomato,FAQ,18/09/2025,1200,1600,1400,78
Telangana,Warangal,Warangal,Tomato,Tomato,FAQ,24/08/2025,2500,3000,2750,78
Telangana,Warangal,Warangal,Tomato,Tomato,FAQ,05/09/2025,2000,2500,2250,78
Telangana,Warangal,Warangal,Tomato,Tomato,FAQ,11/09/2025,1800,2000,1900,78
Telangana,Warangal,Warangal,Tomato,Tomato,FAQ,20/09/2025,1400,1600,1500,78
Telangana,Warangal,Warangal,Tomato,Tomato,FAQ,21/09/2025,1000,1500,1250,78
Telangana,Warangal,Warangal,Tomato,Tomato,FAQ,23/09/2025,1600,2000,1800,78
Telangana,Warangal,Warangal,Tomato,Tomato,FAQ,08/09/2025,1200,1600,1400,78
Telangana,Warangal,Warangal,Tomato,Tomato,FAQ,22/09/2025,1600,2000,1800,78
Telangana,Warangal,Warangal,Tomato,Tomato,FAQ,19/09/2025,1000,1500,1250,78
Telangana,Warangal,Warangal,Tomato,Tomato,FAQ,25/08/2025,3500,4000,3750,78
Telangana,Warangal,Warangal,Tomato,Tomato,FAQ,28/08/2025,3200,3600,3400,78
Telangana,Warangal,Warangal,Tomato,Tomato,FAQ,06/09/2025,2600,2800,2700,78
Telangana,Warangal,Warangal,Tomato,Tomato,FAQ,10/09/2025,1600,2000,1800,78
Telangana,Warangal,Warangal,Tomato,Tomato,FAQ,14/09/2025,1200,1600,1400,78
Telangana,Warangal,Warangal,Tomato,Tomato,FAQ,27/08/2025,3200,3600,3400,78
Telangana,Warangal,Kesamudram,Turmeric,Bulb,FAQ,08/09/2025,9702,9702,9702,39
Telangana,Warangal,Kesamudram,Turmeric,Bulb,FAQ,16/09/2025,9051,9751,9751,39
Telangana,Warangal,Kesamudram,Turmeric,Finger,FAQ,23/09/2025,8005,8005,8005,39
Telangana,Warangal,Warangal,Turmeric,Bulb,FAQ,03/09/2025,7889,10569,10444,39
Telangana,Warangal,Warangal,Turmeric,Finger,FAQ,02/09/2025,5055,10889,9556,39
Telangana,Warangal,Kesamudram,Turmeric,Bulb,FAQ,12/09/2025,6889,6889,6889,39
Telangana,Warangal,Kesamudram,Turmeric,Bulb,FAQ,18/09/2025,6000,9856,8701,39
Telangana,Warangal,Kesamudram,Turmeric,Finger,FAQ,09/09/2025,6151,11052,9351,39
Telangana,Warangal,Kesamudram,Turmeric,Finger,FAQ,16/09/2025,9651,10102,10102,39
Telangana,Warangal,Warangal,Turmeric,Bulb,FAQ,01/09/2025,9222,10788,10388,39
Telangana,Warangal,Warangal,Turmeric,Bulb,FAQ,08/09/2025,8009,10116,10116,39
Telangana,Warangal,Warangal,Turmeric,Bulb,FAQ,28/08/2025,8599,10209,10209,39
Telangana,Warangal,Warangal,Turmeric,Finger,FAQ,01/09/2025,9333,11066,10709,39
Telangana,Warangal,Warangal,Turmeric,Finger,FAQ,09/09/2025,8509,10809,10809,39
Telangana,Warangal,Kesamudram,Turmeric,Bulb,FAQ,04/09/2025,6500,9999,8150,39
Telangana,Warangal,Kesamudram,Turmeric,Bulb,FAQ,09/09/2025,5251,10352,9251,39
Telangana,Warangal,Kesamudram,Turmeric,Bulb,FAQ,23/09/2025,8005,8005,8005,39
Telangana,Warangal,Kesamudram,Turmeric,Finger,FAQ,22/09/2025,8159,8159,8159,39
Telangana,Warangal,Kesamudram,Turmeric,Finger,FAQ,25/08/2025,6000,11000,10118,39
Telangana,Warangal,Warangal,Turmeric,Bulb,FAQ,02/09/2025,6009,10629,10359,39
Telangana,Warangal,Warangal,Turmeric,Finger,FAQ,15/09/2025,8589,10510,10510,39
Telangana,Warangal,Warangal,Turmeric,Finger,FAQ,19/09/2025,6689,9608,8339,39
Telangana,Warangal,Kesamudram,Turmeric,Bulb,FAQ,15/09/2025,8301,8301,8301,39
Telangana,Warangal,Kesamudram,Turmeric,Bulb,FAQ,29/08/2025,9009,9009,9009,39
Telangana,Warangal,Kesamudram,Turmeric,Finger,FAQ,18/09/2025,8523,10222,9812,39
Telangana,Warangal,Warangal,Turmeric,Bulb,FAQ,04/09/2025,7669,10509,9390,39
Telangana,Warangal,Warangal,Turmeric,Bulb,FAQ,16/09/2025,8016,9656,9560,39
Telangana,Warangal,Warangal,Turmeric,Bulb,FAQ,25/08/2025,6666,10288,9489,39
Telangana,Warangal,Warangal,Turmeric,Finger,FAQ,26/08/2025,5666,9999,9889,39
Telangana,Warangal,Kesamudram,Turmeric,Bulb,FAQ,22/09/2025,7289,7289,7289,39
Telangana,Warangal,Kesamudram,Turmeric,Bulb,FAQ,25/08/2025,5500,9889,9381,39
Telangana,Warangal,Kesamudram,Turmeric,Bulb,FAQ,26/08/2025,5021,11021,10021,39
Telangana,Warangal,Kesamudram,Turmeric,Finger,FAQ,12/09/2025,7219,7219,7219,39
Telangana,Warangal,Warangal,Turmeric,Bulb,FAQ,09/09/2025,7509,10509,9559,39
Telangana,Warangal,Warangal,Turmeric,Bulb,FAQ,11/09/2025,5258,10029,10029,39
Telangana,Warangal,Warangal,Turmeric,Bulb,FAQ,17/09/2025,8069,10509,10509,39
Telangana,Warangal,Warangal,Turmeric,Bulb,FAQ,18/09/2025,8222,10009,9656,39
Telangana,Warangal,Warangal,Turmeric,Bulb,FAQ,19/09/2025,8009,9339,9339,39
Telangana,Warangal,Warangal,Turmeric,Bulb,FAQ,26/08/2025,6666,10288,9489,39
Telangana,Warangal,Warangal,Turmeric,Finger,FAQ,04/09/2025,5889,12356,10116,39
Telangana,Warangal,Warangal,Turmeric,Finger,FAQ,08/09/2025,5669,11369,10169,39
Telangana,Warangal,Warangal,Turmeric,Finger,FAQ,16/09/2025,5380,10080,9516,39
Telangana,Warangal,Warangal,Turmeric,Finger,FAQ,22/09/2025,5555,10259,9589,39
Telangana,Warangal,Warangal,Turmeric,Finger,FAQ,23/09/2025,7560,7560,7560,39
Telangana,Warangal,Kesamudram,Turmeric,Finger,FAQ,04/09/2025,7000,10002,8350,39
Telangana,Warangal,Kesamudram,Turmeric,Finger,FAQ,10/09/2025,8059,10329,10329,39
Telangana,Warangal,Kesamudram,Turmeric,Finger,FAQ,26/08/2025,6000,11221,10529,39
Telangana,Warangal,Warangal,Turmeric,Bulb,FAQ,29/08/2025,8585,10609,10609,39
Telangana,Warangal,Warangal,Turmeric,Finger,FAQ,12/09/2025,5888,11409,11409,39
Telangana,Warangal,Warangal,Turmeric,Finger,FAQ,18/09/2025,6001,10659,10659,39
Telangana,Warangal,Kesamudram,Turmeric,Finger,FAQ,15/09/2025,8801,8801,8801,39
Telangana,Warangal,Kesamudram,Turmeric,Finger,FAQ,29/08/2025,9009,9009,9009,39
Telangana,Warangal,Warangal,Turmeric,Bulb,FAQ,15/09/2025,8115,9580,9159,39
Telangana,Warangal,Warangal,Turmeric,Finger,FAQ,03/09/2025,7099,12189,10189,39
Telangana,Warangal,Warangal,Turmeric,Finger,FAQ,17/09/2025,5028,10555,10309,39
Telangana,Warangal,Warangal,Turmeric,Finger,FAQ,29/08/2025,5400,11555,9777,39
Telangana,Warangal,Kesamudram,Turmeric,Bulb,FAQ,10/09/2025,6969,11401,8851,39
Telangana,Warangal,Kesamudram,Turmeric,Finger,FAQ,08/09/2025,5589,9201,8005,39
Telangana,Warangal,Warangal,Turmeric,Bulb,FAQ,12/09/2025,6669,10309,10059,39
Telangana,Warangal,Warangal,Turmeric,Bulb,FAQ,22/09/2025,8009,9669,9059,39
Telangana,Warangal,Warangal,Turmeric,Finger,FAQ,25/08/2025,5666,9999,9889,39
Telangana,Warangal,Warangal,Turmeric,Bulb,FAQ,10/09/2025,8009,9789,9789,39
Telangana,Warangal,Warangal,Turmeric,Bulb,FAQ,23/09/2025,7160,7160,7160,39
Telangana,Warangal,Warangal,Turmeric,Finger,FAQ,10/09/2025,7289,10359,9069,39
Telangana,Warangal,Warangal,Turmeric,Finger,FAQ,28/08/2025,8777,11897,11897,39
Telangana,Warangal,Warangal,Water Melon,Water Melon,Medium,23/09/2025,1000,1000,1000,73
Telangana,Warangal,Warangal,Yam (Ratalu),Yam (Ratalu),FAQ,04/09/2025,4500,5000,4750,297
Telangana,Warangal,Warangal,Yam (Ratalu),Yam (Ratalu),FAQ,07/09/2025,4000,4500,4250,297
Telangana,Warangal,Warangal,Yam (Ratalu),Yam (Ratalu),FAQ,12/09/2025,4000,4500,4250,297
Telangana,Warangal,Warangal,Yam (Ratalu),Yam (Ratalu),FAQ,24/08/2025,4000,4500,4250,297
Telangana,Warangal,Warangal,Yam (Ratalu),Yam (Ratalu),FAQ,27/08/2025,4000,4500,4250,297
Telangana,Warangal,Warangal,Yam (Ratalu),Yam (Ratalu),FAQ,26/08/2025,3500,4000,3750,297
Telangana,Warangal,Warangal,Yam (Ratalu),Yam (Ratalu),FAQ,25/08/2025,4500,5000,4750,297
Telangana,Warangal,Warangal,Yam (Ratalu),Yam (Ratalu),FAQ,31/08/2025,5500,6000,5750,297
Telangana,Warangal,Warangal,Yam (Ratalu),Yam (Ratalu),FAQ,29/08/2025,4000,4500,4250,297
